timestamp,worker_id,worker_req#,status,ms
1772705379.3041587,8,1,200,264
1772705379.30428,3,1,200,268
1772705379.3044138,1,1,200,269
1772705379.3045192,9,1,200,263
1772705379.3603032,8,2,200,43
1772705379.3667517,3,2,200,50
1772705379.370683,1,2,200,52
1772705379.3745959,9,2,200,56
1772705379.4090667,8,3,200,36
1772705379.4161093,3,3,200,37
1772705379.4369035,1,3,200,53
1772705379.437114,9,3,200,50
1772705379.445732,8,4,200,24
1772705379.4538455,3,4,200,25
1772705379.4746425,1,4,200,25
1772705379.4890456,9,4,200,39
1772705379.4944272,8,5,200,36
1772705379.5020468,3,5,200,35
1772705379.5137439,1,5,200,26
1772705379.5297751,9,5,200,28
1772705379.5391,8,6,200,32
1772705379.5418916,3,6,200,27
1772705379.5526454,1,6,200,26
1772705379.5742817,9,6,200,31
1772705379.5803063,8,7,200,20
1772705379.5883894,3,7,200,29
1772705379.599343,1,7,200,34
1772705379.610792,9,7,200,24
1772705379.6177375,8,8,200,25
1772705379.6338825,3,8,200,33
1772705379.6404462,1,8,200,28
1772705379.6590998,9,8,200,35
1772705379.6680286,8,9,200,38
1772705379.6796339,3,9,200,33
1772705379.6846905,1,9,200,32
1772705379.6934915,9,9,200,22
1772705379.7050903,8,10,200,24
1772705379.7177162,3,10,200,25
1772705379.7225268,1,10,200,25
1772705379.7281103,9,10,200,22
1772705379.7448506,8,11,200,27
1772705379.7546995,3,11,200,24
1772705379.7635481,1,11,200,28
1772705379.7690883,9,11,200,28
1772705379.7767541,8,12,200,19
1772705379.7964852,3,12,200,22
1772705379.8005831,1,12,200,24
1772705379.8074076,9,12,200,25
1772705379.815601,8,13,200,26
1772705379.8249247,3,13,200,15
1772705379.8428936,1,13,200,29
1772705379.8543537,9,13,200,34
1772705379.860693,8,14,200,32
1772705379.8694642,3,14,200,32
1772705379.8842049,1,14,200,28
1772705379.9009743,9,14,200,34
1772705379.902,8,15,200,28
1772705379.9120522,3,15,200,30
1772705379.923968,1,15,200,27
1772705379.9300475,9,15,200,16
1772705379.9455738,8,16,200,30
1772705379.9577916,3,16,200,33
1772705379.9643095,1,16,200,28
1772705379.9734693,9,16,200,30
1772705379.9895217,8,17,200,31
1772705379.9897652,3,17,200,19
1772705380.0963757,1,17,200,119
1772705380.1102443,9,17,200,117
1772705380.1176736,8,18,200,115
1772705380.128123,3,18,200,125
1772705380.1342351,2,1,200,1098
1772705380.1527047,1,18,200,43
1772705380.1528764,9,18,200,30
1772705380.1866798,8,19,200,56
1772705380.1917834,3,19,200,51
1772705380.1974115,2,2,200,50
1772705380.2119868,1,19,200,46
1772705380.215862,9,19,200,50
1772705380.2283475,8,20,200,29
1772705380.2353585,3,20,200,31
1772705380.2555294,2,3,200,45
1772705380.2556617,1,20,200,31
1772705380.25582,9,20,200,27
1772705380.271447,8,21,200,30
1772705380.2773423,3,21,200,29
1772705380.2907596,1,21,200,23
1772705380.29549,2,4,200,27
1772705380.3069124,9,21,200,37
1772705380.3158424,8,22,200,32
1772705380.3227854,3,22,200,33
1772705380.3344586,1,22,200,31
1772705380.340279,2,5,200,32
1772705380.359829,9,22,200,40
1772705380.3600945,8,23,200,31
1772705380.3828247,3,23,200,47
1772705380.3867235,1,23,200,39
1772705380.3998194,2,6,200,46
1772705380.4024494,9,23,200,30
1772705380.4127655,8,24,200,39
1772705380.4225583,3,24,200,27
1772705380.4334521,1,24,200,34
1772705380.441121,2,7,200,25
1772705380.4622045,9,24,200,46
1772705380.4742517,8,25,200,49
1772705380.4744258,3,25,200,39
1772705380.4843223,1,25,200,38
1772705380.4992151,2,8,200,45
1772705380.500111,9,25,200,25
1772705380.5142243,8,26,200,27
1772705380.522358,3,26,200,35
1772705380.5302417,1,26,200,33
1772705380.5405748,2,9,200,29
1772705380.5469432,9,26,200,34
1772705380.56585,8,27,200,37
1772705380.5661585,3,27,200,31
1772705380.5860486,1,27,200,43
1772705380.588953,2,10,200,35
1772705380.5992484,9,27,200,40
1772705380.6049168,8,28,200,26
1772705380.615582,3,28,200,37
1772705380.6306007,1,28,200,31
1772705380.633753,2,11,200,32
1772705380.642375,9,28,200,30
1772705380.6481416,8,29,200,30
1772705380.6656883,3,29,200,37
1772705380.6809301,1,29,200,37
1772705380.689366,2,12,200,43
1772705380.701605,9,29,200,46
1772705380.7037663,8,30,200,43
1772705380.7168677,3,30,200,38
1772705380.7226384,1,30,200,29
1772705380.7318952,2,13,200,30
1772705380.7419815,9,30,200,28
1772705380.7511013,8,31,200,34
1772705380.7671337,3,31,200,37
1772705380.767286,1,31,200,32
1772705380.7698298,2,14,200,25
1772705380.789427,9,31,200,35
1772705380.7940667,8,32,200,30
1772705380.8024678,1,32,200,23
1772705380.8100567,3,32,200,30
1772705380.8177521,2,15,200,35
1772705380.8324933,9,32,200,30
1772705380.839068,8,33,200,32
1772705380.8474915,1,33,200,32
1772705380.8535533,3,33,200,31
1772705380.8710575,9,33,200,26
1772705380.871214,2,16,200,40
1772705380.885357,8,34,200,33
1772705380.90154,1,34,200,41
1772705380.907282,3,34,200,41
1772705380.9139254,9,34,200,30
1772705380.922468,2,17,200,38
1772705380.935515,8,35,200,35
1772705380.9461012,1,35,200,31
1772705380.9482903,3,35,200,28
1772705380.971484,2,18,200,36
1772705380.9716437,9,35,200,45
1772705380.973919,8,36,200,26
1772705380.9840825,1,36,200,25
1772705380.9966714,3,36,200,35
1772705381.0151887,9,36,200,30
1772705381.0153074,2,19,200,31
1772705381.0168269,8,37,200,30
1772705381.0264044,1,37,200,30
1772705381.037149,3,37,200,28
1772705381.0481367,9,37,200,20
1772705381.0578127,2,20,200,30
1772705381.0715797,1,38,200,33
1772705381.0717082,8,38,200,42
1772705381.0849028,3,38,200,35
1772705381.0928133,9,38,200,32
1772705381.1085448,2,21,200,37
1772705381.1141286,8,39,200,27
1772705381.130896,1,39,200,44
1772705381.1318753,3,39,200,34
1772705381.138361,9,39,200,33
1772705381.146551,2,22,200,25
1772705381.1559134,8,40,200,29
1772705381.1779153,3,40,200,33
1772705381.1921372,1,40,200,49
1772705381.199692,9,40,200,49
1772705381.2047124,2,23,200,46
1772705381.2143254,8,41,200,46
1772705381.2202394,3,41,200,29
1772705381.2384932,1,41,200,33
1772705381.247477,9,41,200,35
1772705381.2532783,2,24,200,36
1772705381.261379,8,42,200,34
1772705381.2786279,3,42,200,45
1772705381.2787552,1,42,200,27
1772705381.2879968,9,42,200,27
1772705381.3054597,2,25,200,40
1772705381.3542461,8,43,200,80
1772705381.3544288,3,43,200,63
1772705381.3545275,1,43,200,63
1772705381.3838806,2,26,200,66
1772705381.3843436,9,43,200,77
1772705381.3938487,3,44,200,27
1772705381.4018095,8,44,200,35
1772705381.4628625,1,44,200,95
1772705381.468536,9,44,200,68
1772705381.4769173,2,27,200,77
1772705381.4922266,3,45,200,85
1772705381.493286,8,45,200,78
1772705381.508225,1,45,200,33
1772705381.522819,9,45,200,41
1772705381.5241086,2,28,200,34
1772705381.54231,3,46,200,37
1772705381.5435898,8,46,200,38
1772705381.5533755,1,46,200,32
1772705381.5582669,9,46,200,23
1772705381.5698178,2,29,200,32
1772705381.5832276,8,47,200,27
1772705381.5833824,3,47,200,28
1772705381.5983777,1,47,200,32
1772705381.6074831,9,47,200,36
1772705381.6151524,2,30,200,32
1772705381.6256313,8,48,200,29
1772705381.6362538,3,48,200,40
1772705381.6405883,1,48,200,30
1772705381.6493518,9,48,200,29
1772705381.6613255,2,31,200,33
1772705381.670561,8,49,200,32
1772705381.6860526,3,49,200,37
1772705381.689469,1,49,200,36
1772705381.6933713,9,49,200,31
1772705381.7044988,2,32,200,30
1772705381.7160223,8,50,200,32
1772705381.7256656,3,50,200,27
1772705381.7315862,1,50,200,29
1772705381.7407563,9,50,200,34
1772705381.7478228,2,33,200,30
1772705381.7598808,8,51,200,31
1772705381.7711506,3,51,200,26
1772705381.787164,1,51,200,42
1772705381.7899263,9,51,200,36
1772705381.795092,2,34,200,34
1772705381.8021042,8,52,200,29
1772705381.8125584,3,52,200,28
1772705381.837146,1,52,200,37
1772705381.8372874,2,35,200,29
1772705381.8374124,9,52,200,35
1772705381.8442836,8,53,200,29
1772705381.8562877,3,53,200,31
1772705381.8719356,2,36,200,22
1772705381.890063,1,53,200,40
1772705381.8939478,9,53,200,44
1772705381.897218,8,54,200,40
1772705381.9004102,3,54,200,31
1772705381.9124393,2,37,200,28
1772705381.9272182,1,54,200,25
1772705381.9303901,9,54,200,24
1772705381.9424925,8,55,200,33
1772705381.948171,3,55,200,35
1772705381.9640214,2,38,200,39
1772705381.969631,1,55,200,29
1772705381.9745867,9,55,200,31
1772705381.997727,3,56,200,37
1772705381.9978468,8,56,200,42
1772705382.0103803,2,39,200,33
1772705382.015636,1,56,200,33
1772705382.029619,9,56,200,42
1772705382.037679,3,57,200,27
1772705382.0461535,8,57,200,35
1772705382.053278,2,40,200,30
1772705382.062242,1,57,200,34
1772705382.0722888,9,57,200,30
1772705382.0990756,3,58,200,49
1772705382.0998166,8,58,200,41
1772705382.1166427,2,41,200,51
1772705382.1250322,0,1,200,3090
1772705382.138122,4,1,200,3101
1772705382.1405816,9,58,200,56
1772705382.150787,14,1,200,3086
1772705382.1560833,3,59,200,44
1772705382.1688697,2,42,200,40
1772705382.1780937,0,2,200,40
1772705382.194519,4,2,200,44
1772705382.206252,14,2,200,43
1772705382.2063823,9,59,200,53
1772705382.2064881,3,60,200,37
1772705382.219958,2,43,200,38
1772705382.2365756,4,3,200,29
1772705382.2367134,0,3,200,46
1772705382.2524328,3,61,200,33
1772705382.2587268,9,60,200,39
1772705382.2671976,14,3,200,48
1772705382.2812018,2,44,200,49
1772705382.3061588,4,4,200,57
1772705382.307018,3,62,200,42
1772705382.3071504,0,4,200,57
1772705382.3153327,9,61,200,44
1772705382.3156369,14,4,200,36
1772705382.330987,2,45,200,37
1772705382.3453531,4,5,200,26
1772705382.3559437,3,63,200,36
1772705382.3566942,0,5,200,37
1772705382.36261,14,5,200,34
1772705382.3773844,9,62,200,49
1772705382.3822494,2,46,200,39
1772705382.4090831,3,64,200,40
1772705382.4091947,0,6,200,39
1772705382.4093125,4,6,200,51
1772705382.4094188,14,6,200,34
1772705382.4411466,9,63,200,50
1772705382.44878,2,47,200,54
1772705382.454544,0,7,200,33
1772705382.4598646,3,65,200,38
1772705382.4708846,14,7,200,48
1772705382.4815826,9,64,200,27
1772705382.502471,2,48,200,41
1772705382.50765,3,66,200,35
1772705382.5078678,0,8,200,40
1772705382.5170834,14,8,200,33
1772705382.5275574,9,65,200,33
1772705382.5434954,2,49,200,28
1772705382.5462556,0,9,200,26
1772705382.5579877,3,67,200,37
1772705382.5626996,14,9,200,33
1772705382.5674684,9,66,200,27
1772705382.5829813,2,50,200,27
1772705382.592918,0,10,200,34
1772705382.6082065,14,10,200,33
1772705382.6153476,3,68,200,40
1772705382.6185687,9,67,200,38
1772705382.6294734,2,51,403,34
1772705382.6417098,2,51,DONE,0
1772705382.6437612,0,11,403,38
1772705382.6489317,14,11,403,28
1772705382.6538842,3,69,403,26
1772705382.6559694,0,11,DONE,0
1772705382.6614716,14,11,DONE,0
1772705382.661839,9,68,403,30
1772705382.6661024,3,69,DONE,0
1772705382.674193,9,68,DONE,0
1772705383.061842,7,1,NET_ERR,4023
1772705383.062075,10,1,NET_ERR,4015
1772705383.0622408,6,1,NET_ERR,4024
1772705383.0624735,5,1,NET_ERR,4025
1772705383.0626576,11,1,NET_ERR,4009
1772705383.0628324,12,1,NET_ERR,4002
1772705383.091814,13,1,NET_ERR,4028
1772705383.1843326,10,2,403,110
1772705383.1928153,7,2,403,118
1772705383.1968355,10,2,DONE,0
1772705383.1975026,6,2,403,121
1772705383.2051103,7,2,DONE,0
1772705383.2100773,6,2,DONE,0
1772705383.2124755,11,2,403,137
1772705383.2246382,11,2,DONE,0
1772705383.489975,4,7,403,1067
1772705383.5021877,4,7,DONE,0
1772705384.2111845,5,2,403,1135
1772705384.2205768,12,2,403,1144
1772705384.2237742,5,2,DONE,0
1772705384.226432,13,2,403,1122
1772705384.232769,12,2,DONE,0
1772705384.2389066,13,2,DONE,0
1772705385.529085,1,58,403,3454
1772705385.5292325,8,59,403,3416
1772705385.5412166,1,58,DONE,0
1772705385.5417213,8,59,DONE,0
