timestamp,i,status,ms
1772703875.135672,1,200,759
1772703876.271307,2,200,135
1772703877.703565,3,200,431
1772703878.833859,4,200,129
1772703880.260084,5,200,425
1772703881.7437005,6,200,483
1772703883.2660725,7,200,521
1772703884.6737995,8,200,407
1772703886.0895078,9,200,415
1772703887.5248365,10,200,434
1772703889.0615232,11,200,536
1772703890.2004147,12,200,138
1772703891.3525338,13,200,151
1772703893.2351098,14,200,881
1772703894.8251517,15,200,589
1772703895.9311547,16,200,105
1772703897.3551311,17,200,423
1772703898.7888315,18,200,433
1772703899.9237237,19,200,134
1772703901.3484306,20,200,424
1772703902.7828393,21,200,433
1772703904.0409124,22,200,257
1772703905.5495777,23,200,508
1772703906.6927068,24,200,142
1772703908.1838753,25,200,490
1772703909.6449378,26,200,460
1772703911.0762951,27,200,430
1772703912.4162977,28,200,331
1772703913.6427822,29,200,225
1772703915.0892832,30,200,446
1772703916.565759,31,200,475
1772703917.9807503,32,200,414
1772703919.3699524,33,200,388
1772703920.8060353,34,200,435
1772703922.2445211,35,200,437
1772703923.6708024,36,200,425
1772703924.8154535,37,200,144
1772703926.0423748,38,200,226
1772703927.563661,39,200,520
1772703929.0051143,40,200,441
1772703930.1307683,41,200,125
1772703931.556981,42,200,425
1772703933.045518,43,200,487
1772703934.5260298,44,200,480
1772703936.0622237,45,200,535
1772703937.700791,46,200,637
1772703939.0373366,47,200,335
1772703940.465148,48,200,427
1772703941.806815,49,200,340
1772703942.9634242,50,200,156
1772703944.057647,51,200,93
1772703945.586013,52,200,527
1772703947.0185583,53,200,431
1772703948.4538553,54,200,434
1772703949.5888686,55,200,134
1772703951.0217433,56,200,432
1772703952.351721,57,200,329
1772703953.5067759,58,200,154
1772703954.799645,59,200,292
1772703956.1394112,60,200,339
1772703957.5664067,61,200,426
1772703958.9998481,62,200,430
1772703960.349393,63,200,348
1772703961.767128,64,200,417
1772703963.2618818,65,200,493
1772703964.733502,66,200,471
1772703966.3311348,67,200,591
1772703967.6102285,68,200,278
1772703969.1400354,69,200,529
1772703970.570581,70,200,430
1772703972.004335,71,200,433
1772703973.3429768,72,200,338
1772703974.7685063,73,200,425
1772703976.202799,74,200,433
1772703977.638759,75,200,435
1772703979.0696442,76,200,430
1772703980.5048494,77,200,434
1772703981.9478474,78,200,441
1772703983.094436,79,200,146
1772703984.2008626,80,200,105
1772703985.7248187,81,200,523
1772703986.8641238,82,200,134
1772703987.9854145,83,200,120
1772703989.0124571,84,200,26
1772703990.4347517,85,200,421
1772703991.4699774,86,200,34
1772703992.5944471,87,200,124
1772703993.6436427,88,200,48
