timestamp,worker_id,worker_req#,status,ms,path
1772706316.6505992,2,1,404,704,/no_such_fsn7ea5ay1_1772706315946
1772706316.650893,0,1,404,706,/no_such_hcrk627b2u_1772706315944
1772706316.651056,1,1,404,705,/no_such_p4idgoerbv_1772706315945
1772706317.0578506,2,2,404,407,/no_such_22g8yt0vgu_1772706316650
1772706317.0580757,0,2,404,407,/no_such_wt9ga5wgm7_1772706316650
1772706317.0582552,1,2,404,407,/no_such_f6w3cc9mx0_1772706316651
1772706317.468542,1,3,404,410,/no_such_h3h4mnlptm_1772706317058
1772706317.4691355,2,3,404,411,/no_such_3ayt1vai62_1772706317057
1772706317.4693608,0,3,404,411,/no_such_w880mnjrez_1772706317058
1772706317.8771799,1,4,404,408,/no_such_iyzb94y29i_1772706317468
1772706317.8785722,2,4,404,409,/no_such_vzxj7zj9fl_1772706317469
1772706317.8787735,0,4,404,409,/no_such_1prqvcqebf_1772706317469
1772706318.2884905,1,5,404,411,/no_such_c7kf2x08g2_1772706317877
1772706318.2892387,0,5,404,410,/no_such_82k54faqdr_1772706317878
1772706318.2894604,2,5,404,410,/no_such_o6hd7hcakt_1772706317878
1772706318.6979258,1,6,404,409,/no_such_81ixam5xoj_1772706318288
1772706318.6982634,0,6,404,409,/no_such_owynbajo6v_1772706318289
1772706318.6984355,2,6,404,408,/no_such_m9h22zp1a0_1772706318289
1772706319.1092856,1,7,404,411,/no_such_r2o9fbkve2_1772706318697
1772706319.1094806,0,7,404,411,/no_such_u879lojvcj_1772706318698
1772706319.1096492,2,7,404,411,/no_such_n5q7vq21t3_1772706318698
1772706319.6127977,2,8,404,503,/no_such_twz0xfw70x_1772706319109
1772706319.616821,1,8,404,507,/no_such_feriqaoqu3_1772706319109
1772706319.6183784,0,8,404,508,/no_such_jj4nv33ila_1772706319109
1772706320.0284796,2,9,404,415,/no_such_ets6drtkwt_1772706319612
1772706320.028655,1,9,404,411,/no_such_raml1c3p10_1772706319616
1772706320.0288205,0,9,404,410,/no_such_2tk19mazxb_1772706319618
1772706320.4368048,0,10,404,407,/no_such_2eig4cre2v_1772706320028
1772706320.437003,2,10,404,408,/no_such_pqnhahrw15_1772706320028
1772706320.4371614,1,10,404,408,/no_such_hlzo73izs3_1772706320028
1772706320.4659698,2,11,404,28,/no_such_iy245t6qkh_1772706320437
1772706320.4697695,1,11,404,32,/no_such_rtbcpfd9le_1772706320437
1772706320.4943602,0,11,404,57,/no_such_rbzaho249j_1772706320436
1772706320.4959784,2,12,404,29,/no_such_pvm4pqikjy_1772706320465
1772706320.4966195,1,12,404,26,/no_such_t0x7rd6s02_1772706320469
1772706320.5105205,0,12,404,16,/no_such_z34f6cwk4l_1772706320494
1772706320.5235665,1,13,404,26,/no_such_cqfo99lllw_1772706320496
1772706320.5346143,2,13,404,38,/no_such_3srukfm1sf_1772706320496
1772706320.5401802,0,13,404,29,/no_such_8wcu0os5kg_1772706320510
1772706320.550827,1,14,404,27,/no_such_f8owgzb6c0_1772706320523
1772706320.5593624,2,14,404,24,/no_such_2g7luagujb_1772706320534
1772706320.567282,0,14,404,27,/no_such_6c5j8ypuf2_1772706320540
1772706320.5774744,1,15,404,26,/no_such_uqezo8iwo3_1772706320550
1772706320.5983517,2,15,404,38,/no_such_74bdui9yju_1772706320559
1772706320.598566,0,15,404,31,/no_such_b56lmv6apt_1772706320567
1772706320.6073303,1,16,404,29,/no_such_04a17wvp58_1772706320577
1772706320.621746,2,16,404,23,/no_such_6rr73lxzir_1772706320598
1772706320.6328354,0,16,404,34,/no_such_5ith3o494c_1772706320598
1772706320.6400437,1,17,404,32,/no_such_b6bjvay902_1772706320607
1772706320.6505494,2,17,404,28,/no_such_a8u3xmdcqy_1772706320621
1772706320.661424,0,17,404,28,/no_such_4qsvaippfk_1772706320632
1772706320.670849,1,18,404,30,/no_such_3n3lyj7qen_1772706320640
1772706320.6788642,2,18,404,28,/no_such_mhkuywcaj6_1772706320650
1772706320.7010486,0,18,404,39,/no_such_q8t7igcg8u_1772706320661
1772706320.714495,1,19,404,43,/no_such_5iscdiqbdu_1772706320670
1772706320.722721,2,19,404,43,/no_such_mvy5z1u270_1772706320678
1772706320.7287092,0,19,404,27,/no_such_sl0vkj5tkd_1772706320701
1772706320.748494,1,20,404,33,/no_such_7gquot3efo_1772706320714
1772706320.7575176,2,20,404,34,/no_such_th5pdf1o8i_1772706320722
1772706320.7682784,0,20,404,39,/no_such_x9krtb53s0_1772706320728
1772706320.7737796,1,21,404,25,/no_such_uhehfb6fcn_1772706320748
1772706320.7838306,2,21,404,26,/no_such_a6bycod3ae_1772706320757
1772706320.7976844,0,21,404,29,/no_such_560yxmob6x_1772706320768
1772706320.8028815,1,22,404,29,/no_such_s3561u88cj_1772706320773
1772706320.8180935,2,22,404,34,/no_such_n7i4e8t9nx_1772706320783
1772706320.827444,0,22,404,29,/no_such_dcys3oxeqm_1772706320797
1772706320.8385363,1,23,404,35,/no_such_0i37ks9xqa_1772706320802
1772706320.8421762,2,23,404,24,/no_such_suzjy51h9w_1772706320818
1772706320.8497994,0,23,404,22,/no_such_s2do378zzm_1772706320827
1772706320.8629417,1,24,404,24,/no_such_hn23bcvihf_1772706320838
1772706320.8721936,2,24,404,29,/no_such_v610ixnktk_1772706320842
1772706320.879525,0,24,404,29,/no_such_3ql9cgrnxa_1772706320849
1772706320.8987346,1,25,404,35,/no_such_zj9dtncev3_1772706320863
1772706320.9003124,2,25,404,28,/no_such_m9j8a4x8b8_1772706320872
1772706320.9175854,0,25,404,38,/no_such_tiqfvmzkud_1772706320879
1772706321.0725203,1,26,404,173,/no_such_scarmofhrc_1772706320898
1772706321.073886,2,26,404,173,/no_such_iueoy3ohzk_1772706320900
1772706321.2580361,0,26,404,340,/no_such_k308g6o7bd_1772706320917
1772706321.3703969,1,27,404,297,/no_such_8pm711gjuw_1772706321072
1772706321.3761685,2,27,404,302,/no_such_sa4xk6qwc9_1772706321073
1772706321.3867376,0,27,404,128,/no_such_tn65fojvl0_1772706321258
1772706321.3960981,1,28,404,25,/no_such_f8wfxl14rz_1772706321370
1772706321.462459,2,28,404,86,/no_such_dhfi395zfs_1772706321376
1772706321.46271,0,28,404,75,/no_such_v7z8cpzl4f_1772706321386
1772706321.4734254,1,29,404,77,/no_such_jtag32bic0_1772706321396
1772706321.4839156,0,29,404,21,/no_such_shpiy39zy2_1772706321462
1772706321.4951925,2,29,404,32,/no_such_668rjdhxym_1772706321462
1772706321.498399,1,30,404,24,/no_such_d6eee7cb92_1772706321473
1772706321.5195699,0,30,404,35,/no_such_co26dsyms0_1772706321483
1772706321.5219731,2,30,404,26,/no_such_7ad3kise0k_1772706321495
1772706321.53216,1,31,404,33,/no_such_mas6gjondl_1772706321498
1772706321.5421379,0,31,404,22,/no_such_agu2m8qy5q_1772706321519
1772706321.5525343,2,31,404,30,/no_such_enfjlublhu_1772706321521
1772706321.557157,1,32,404,24,/no_such_swti9tz0px_1772706321532
1772706321.5652843,0,32,404,23,/no_such_hf8yb9b7nw_1772706321542
1772706321.5766838,2,32,404,24,/no_such_iugfb3yia8_1772706321552
1772706321.5868602,1,33,404,29,/no_such_940dgy3xmc_1772706321557
1772706321.589265,0,33,404,23,/no_such_adf6ijgcto_1772706321565
1772706321.6256223,2,33,404,48,/no_such_a3bg78xldn_1772706321576
1772706321.6289828,1,34,404,42,/no_such_hlzaxvjasd_1772706321586
1772706321.6365643,0,34,404,47,/no_such_tz9s0jzvix_1772706321589
1772706321.665356,2,34,404,39,/no_such_vosrqx7hqw_1772706321625
1772706321.6747296,1,35,404,45,/no_such_vgx8injxke_1772706321628
1772706321.6867576,0,35,404,50,/no_such_du1sf7lq8f_1772706321636
1772706321.6927757,2,35,404,27,/no_such_cab5xmk20i_1772706321665
1772706321.6993418,1,36,404,24,/no_such_sten9nate3_1772706321674
1772706321.7248497,2,36,404,32,/no_such_tvhmqsin0o_1772706321692
1772706321.7250564,0,36,404,38,/no_such_92vwrap746_1772706321686
1772706321.72524,1,37,404,25,/no_such_4tpghw3ml8_1772706321699
1772706321.7944007,1,38,404,69,/no_such_64u4qm39wv_1772706321725
1772706321.8031504,0,37,404,78,/no_such_pvuxe8l8y6_1772706321725
1772706321.8237205,1,39,404,29,/no_such_04w5ugnsfz_1772706321794
1772706321.8239338,2,37,404,99,/no_such_z76y1q33b1_1772706321724
1772706321.8331747,0,38,404,29,/no_such_qr9w7z9778_1772706321803
1772706321.8473792,1,40,404,23,/no_such_x0rcfnmewc_1772706321823
1772706321.8493822,2,38,404,25,/no_such_iv08dcwea5_1772706321823
1772706321.8601716,0,39,404,26,/no_such_w6pzknnqvo_1772706321833
1772706321.8701744,1,41,404,22,/no_such_bvsrqbv0f9_1772706321847
1772706321.8791316,2,39,404,29,/no_such_v99dgpu4yz_1772706321849
1772706321.889343,0,40,404,29,/no_such_fxhqih5suf_1772706321860
1772706321.8983316,1,42,404,28,/no_such_7oqhwf0f2x_1772706321870
1772706321.9075272,2,40,404,28,/no_such_lgcjpp8xxz_1772706321879
1772706321.9254897,0,41,404,36,/no_such_hv3exsev3y_1772706321889
1772706321.9256952,1,43,404,27,/no_such_8t8kict203_1772706321898
1772706321.9376962,2,41,404,30,/no_such_xt2j5ojz2o_1772706321907
1772706321.954565,1,44,404,28,/no_such_n6g0wewduo_1772706321925
1772706321.9555955,0,42,404,30,/no_such_igmr52mihq_1772706321925
1772706321.9614508,2,42,404,23,/no_such_7bq4m2sfw1_1772706321937
1772706321.972693,0,43,404,17,/no_such_bey2p2z006_1772706321955
1772706321.981498,1,45,404,26,/no_such_x6zip86h0v_1772706321954
1772706321.9907866,2,43,404,29,/no_such_vir8hu4jhi_1772706321961
1772706322.0006876,0,44,404,27,/no_such_xqe0r3iyrf_1772706321972
1772706322.0077436,1,46,404,26,/no_such_6h6kg78i76_1772706321981
1772706322.028516,2,44,404,37,/no_such_d12w6lg06x_1772706321990
1772706322.028706,0,45,404,27,/no_such_kqy0tnmc3j_1772706322000
1772706322.0351498,1,47,404,27,/no_such_hrg8lh8lhh_1772706322007
1772706322.0511968,0,46,404,22,/no_such_90zh658vsu_1772706322028
1772706322.0539567,2,45,404,25,/no_such_tnq5qdg6p9_1772706322028
1772706322.068627,1,48,404,33,/no_such_52rlp15om7_1772706322035
1772706322.0786686,0,47,404,27,/no_such_2lo0dm3c1a_1772706322051
1772706322.0882063,2,46,404,34,/no_such_0bfxjz424m_1772706322053
1772706322.0946636,1,49,404,26,/no_such_nyoh10zh5c_1772706322068
1772706322.1047282,0,48,404,26,/no_such_so1ca59ary_1772706322078
1772706322.1102364,2,47,404,22,/no_such_weazxapfl0_1772706322088
1772706322.1311674,1,50,404,36,/no_such_95rs2n3p4u_1772706322094
1772706322.1313734,0,49,404,26,/no_such_uae3x2vgre_1772706322104
1772706322.1447225,2,48,404,34,/no_such_evoszb80c5_1772706322110
1772706322.1533153,1,51,404,22,/no_such_jbekaaciyu_1772706322131
1772706322.1589808,0,50,404,27,/no_such_u0q72mms3l_1772706322131
1772706322.1706808,2,49,404,25,/no_such_cjmjk2r0bk_1772706322144
1772706322.1776638,1,52,404,24,/no_such_y5a369zd24_1772706322153
1772706322.1891205,0,51,404,30,/no_such_w6gxp2s1f3_1772706322159
1772706322.1962113,2,50,404,25,/no_such_io8p2olacv_1772706322170
1772706322.2054272,1,53,404,27,/no_such_lcp322fun5_1772706322177
1772706322.2121446,0,52,404,22,/no_such_aoleofnip4_1772706322189
1772706322.2325547,2,51,404,36,/no_such_d5ojj8hnzx_1772706322196
1772706322.234947,1,54,404,29,/no_such_6lvdtr8v90_1772706322205
1772706322.2484963,0,53,404,36,/no_such_dd7f4bry41_1772706322212
1772706322.2587755,2,52,404,26,/no_such_9kodaxp2q3_1772706322232
1772706322.2686398,1,55,404,33,/no_such_k2fi6egyq9_1772706322234
1772706322.280985,0,54,404,32,/no_such_6aztc5hjyc_1772706322248
1772706322.2851505,2,53,404,26,/no_such_i4cklca7pw_1772706322258
1772706322.3141193,1,56,404,45,/no_such_p2dib0c74s_1772706322268
1772706322.3189843,0,55,404,37,/no_such_e5fnrlca6a_1772706322281
1772706322.3347344,2,54,404,49,/no_such_4r8jsz9azf_1772706322285
1772706322.3470066,1,57,404,32,/no_such_zj1ppswpu6_1772706322314
1772706322.3812308,0,56,404,62,/no_such_0gojo496wa_1772706322319
1772706322.384081,2,55,404,49,/no_such_ixtd51n5p8_1772706322334
1772706322.395509,1,58,404,48,/no_such_y3yhd3a0be_1772706322347
1772706322.406719,0,57,404,25,/no_such_pgkxirdkie_1772706322381
1772706322.41964,2,56,404,35,/no_such_k1hohxd47p_1772706322384
1772706322.4220712,1,59,404,26,/no_such_xkwmu93lmy_1772706322395
1772706322.437763,0,58,404,31,/no_such_z2ljhi3bmz_1772706322406
1772706322.4609823,2,57,404,41,/no_such_3zy7l0hjd2_1772706322419
1772706322.4689844,1,60,404,46,/no_such_gli3cxaufw_1772706322422
1772706322.4789171,0,59,404,41,/no_such_4xn5gky4hw_1772706322437
1772706322.486588,2,58,404,25,/no_such_9lk2ee58su_1772706322461
1772706322.4952927,1,61,404,26,/no_such_ae74a5fptb_1772706322469
1772706322.5039012,0,60,404,24,/no_such_dlnseerkju_1772706322478
1772706322.5141401,2,59,404,27,/no_such_0w07xk1ypm_1772706322486
1772706322.5221155,1,62,404,26,/no_such_uvolf835fd_1772706322495
1772706322.5429716,0,61,404,39,/no_such_6kci8gpnio_1772706322503
1772706322.5432384,2,60,404,29,/no_such_8tl0ly920o_1772706322514
1772706322.5559614,1,63,404,33,/no_such_lzf70wsj5e_1772706322522
1772706322.5674691,2,61,404,24,/no_such_l79vr8o5dc_1772706322543
1772706322.5700424,0,62,404,27,/no_such_eiuhx6cqc0_1772706322542
1772706322.5856311,1,64,404,29,/no_such_u5cuirpqas_1772706322555
1772706322.5893033,2,62,404,21,/no_such_20r6zwc0x0_1772706322567
1772706322.6021051,0,63,404,32,/no_such_go34cycity_1772706322570
1772706322.607958,1,65,404,22,/no_such_6y6yvlrfm0_1772706322585
1772706322.6232748,2,63,404,33,/no_such_pzobc3ymzm_1772706322589
1772706322.6321278,0,64,404,29,/no_such_y0f1xp0cok_1772706322602
1772706322.633146,1,66,404,25,/no_such_6jm4sohb9e_1772706322607
1772706322.6693811,1,67,404,36,/no_such_wyajg9zryi_1772706322633
1772706322.6696565,2,64,404,46,/no_such_vk9mc2mbd1_1772706322623
1772706322.678311,0,65,404,46,/no_such_79ymiscvss_1772706322632
1772706322.688527,2,65,404,18,/no_such_4xq8xhsuu0_1772706322669
1772706322.6971848,1,68,404,27,/no_such_r5n9tjoui4_1772706322669
1772706322.7066865,0,66,404,28,/no_such_gqupdjh142_1772706322678
1772706322.7156172,2,66,404,27,/no_such_jdoqglnxka_1772706322688
1772706322.7259364,1,69,404,28,/no_such_zlq7rxuii5_1772706322697
1772706322.7339342,0,67,404,27,/no_such_sbgcn6yf54_1772706322706
1772706322.7519798,2,67,404,36,/no_such_id0v64q6bd_1772706322715
1772706322.752186,1,70,404,26,/no_such_4sjnwipxcb_1772706322725
1772706322.7693684,0,68,404,35,/no_such_ky247yoqpg_1772706322733
1772706322.7715042,2,68,404,19,/no_such_ds4krix5xt_1772706322752
1772706322.78208,1,71,404,29,/no_such_kia1q7vcb0_1772706322752
1772706322.7927427,0,69,404,23,/no_such_wpjtledtf4_1772706322769
1772706322.797522,2,69,404,25,/no_such_9a60ogajcu_1772706322771
1772706322.8101885,1,72,404,28,/no_such_q6tomk8xg4_1772706322782
1772706322.8199208,0,70,404,27,/no_such_ia4ox8ggsr_1772706322792
1772706322.8285637,2,70,404,31,/no_such_q3auemyqg9_1772706322797
1772706322.844879,1,73,404,34,/no_such_hs74vxxa3t_1772706322810
1772706322.8509064,0,71,404,30,/no_such_y4aaqoff7f_1772706322819
1772706322.8608286,2,71,404,32,/no_such_j0w7ddtoy6_1772706322828
1772706322.8714013,1,74,404,26,/no_such_dmcdvsldl8_1772706322844
1772706322.8853753,0,72,404,34,/no_such_czu50u5lm3_1772706322850
1772706322.8869026,2,72,404,26,/no_such_rnjofum09e_1772706322860
1772706322.8968687,1,75,404,25,/no_such_tnin39b1lj_1772706322871
1772706322.9104576,2,73,404,23,/no_such_379yvm42fg_1772706322886
1772706322.9195502,0,73,404,34,/no_such_sdzrhzw539_1772706322885
1772706322.9281976,1,76,404,31,/no_such_t1ten4i7h6_1772706322896
1772706322.9497359,2,74,404,39,/no_such_k9s1dn5wwh_1772706322910
1772706322.951205,0,74,404,31,/no_such_xdpmxca6qx_1772706322919
1772706322.9513903,1,77,404,23,/no_such_aagqa95uyj_1772706322928
1772706322.9663305,2,75,404,16,/no_such_n3yhg3lqgk_1772706322949
1772706322.9766393,1,78,404,25,/no_such_4yvfzdm0iq_1772706322951
1772706322.9867864,0,75,404,35,/no_such_pv5d1eyncg_1772706322951
1772706322.9916224,2,76,404,25,/no_such_zlx1ada0ec_1772706322966
1772706323.00185,1,79,404,25,/no_such_8wd68gqptx_1772706322976
1772706323.0108688,0,76,404,24,/no_such_i05xnyty39_1772706322986
1772706323.0198176,2,77,404,28,/no_such_roq1v4gxdv_1772706322991
1772706323.0286427,1,80,404,26,/no_such_6aht9tzjt1_1772706323001
1772706323.0419414,0,77,404,31,/no_such_obyjp2vny7_1772706323010
1772706323.0523298,2,78,404,32,/no_such_8b8ywlrsrt_1772706323019
1772706323.0526214,1,81,404,23,/no_such_a4mmc215mo_1772706323028
1772706323.0812652,0,78,404,39,/no_such_c4kqakeq7g_1772706323041
1772706323.0849066,2,79,404,32,/no_such_dqqo7iafy7_1772706323052
1772706323.1143441,1,82,404,61,/no_such_68d28d1qq4_1772706323052
1772706323.1158817,0,79,404,34,/no_such_1ykf57jedu_1772706323081
1772706323.116668,2,80,404,31,/no_such_xk1knhz9tt_1772706323084
1772706323.1309302,0,80,404,15,/no_such_lawj8fdhfw_1772706323115
1772706323.1402202,1,83,404,25,/no_such_4z30qa2u80_1772706323114
1772706323.1555002,2,81,404,38,/no_such_raoszh3gyz_1772706323116
1772706323.155716,0,81,404,24,/no_such_y1mr4u1srw_1772706323130
1772706323.2235267,1,84,404,83,/no_such_v6almmg62i_1772706323140
1772706323.2318728,2,82,404,76,/no_such_u1ewpnfyva_1772706323155
1772706323.2469926,0,82,404,91,/no_such_gnyhjdd38u_1772706323155
1772706323.25682,1,85,404,33,/no_such_tz2xvvmipu_1772706323223
1772706323.2579076,2,83,404,26,/no_such_ifq2dp3xlm_1772706323231
1772706323.271479,0,83,404,24,/no_such_2mgggj8ds4_1772706323247
1772706323.2848725,1,86,404,28,/no_such_17zwdz50ui_1772706323256
1772706323.2887356,2,84,404,30,/no_such_y3r5c55ndz_1772706323257
1772706323.2977972,0,84,404,26,/no_such_zgcxx4m74p_1772706323271
1772706323.3342226,1,87,404,49,/no_such_8f7ow7epeb_1772706323284
1772706323.3344905,2,85,404,45,/no_such_xwbdtcga4z_1772706323288
1772706323.3481271,0,85,404,50,/no_such_quvip2a25c_1772706323297
1772706323.372001,1,88,404,37,/no_such_8no592bh86_1772706323334
1772706323.3829038,2,86,404,48,/no_such_6pk6khnpri_1772706323334
1772706323.3913598,0,86,404,43,/no_such_xtimzmnfuz_1772706323348
1772706323.40191,1,89,404,29,/no_such_4fuq9gxprf_1772706323372
1772706323.4104958,2,87,404,27,/no_such_bguex7hwk7_1772706323382
1772706323.420111,0,87,404,28,/no_such_s5ss8zumz1_1772706323391
1772706323.4344146,1,90,404,32,/no_such_cog2nnhqbv_1772706323401
1772706323.4430423,2,88,404,32,/no_such_0d2yq5lwmg_1772706323410
1772706323.4625478,0,88,404,42,/no_such_9dv6o7dl6b_1772706323420
1772706323.4627898,1,91,404,28,/no_such_msdiq7jo7j_1772706323434
1772706323.4758308,2,89,404,32,/no_such_h0prr5p8tg_1772706323443
1772706323.4837248,1,92,404,20,/no_such_dy6zipo8r0_1772706323462
1772706323.489152,0,89,404,26,/no_such_l55np9wvjf_1772706323462
1772706323.5004501,2,90,404,24,/no_such_c30us0okmu_1772706323475
1772706323.5098605,1,93,404,26,/no_such_bjted5gke6_1772706323483
1772706323.5190132,0,90,404,29,/no_such_psdxuzgh46_1772706323489
1772706323.5278862,2,91,404,27,/no_such_zm9ol4dqx3_1772706323500
1772706323.5371525,1,94,404,27,/no_such_dt8a85l2w3_1772706323509
1772706323.5533104,0,91,404,34,/no_such_nhpjt4lbiy_1772706323519
1772706323.5545037,2,92,404,26,/no_such_3v9nos32ej_1772706323527
1772706323.5628784,1,95,404,25,/no_such_y3pdb4i4tu_1772706323537
1772706323.5881271,0,92,404,34,/no_such_tfy9rzs2dy_1772706323553
1772706323.6000075,2,93,404,45,/no_such_yc6ul6m36a_1772706323554
1772706323.6105742,1,96,404,47,/no_such_edmhmkv4nl_1772706323562
1772706323.6138024,0,93,404,25,/no_such_zuhsjceu6t_1772706323588
1772706323.6264732,2,94,404,26,/no_such_drrguk531e_1772706323600
1772706323.635367,1,97,404,24,/no_such_d1uruxxjn5_1772706323610
1772706323.6449883,0,94,404,31,/no_such_2n3zxml7zm_1772706323613
1772706323.6668653,2,95,404,40,/no_such_fyytqud0lk_1772706323626
1772706323.6670554,1,98,404,31,/no_such_t4h243lh17_1772706323635
1772706323.678419,0,95,404,33,/no_such_p17zc9k28j_1772706323645
1772706323.6910636,2,96,404,24,/no_such_avtlcy22ua_1772706323666
1772706323.6962016,1,99,404,29,/no_such_tuqzg0gtub_1772706323667
1772706323.706615,0,96,404,28,/no_such_s5k4t9rd3l_1772706323678
1772706323.7128122,2,97,404,21,/no_such_450ccsuzhu_1772706323691
1772706323.7210362,1,100,404,24,/no_such_8tarnkltln_1772706323696
1772706323.7299058,0,97,404,23,/no_such_bmatvmaz4y_1772706323706
1772706323.7391195,2,98,404,26,/no_such_2eo4bq1uow_1772706323712
1772706323.749447,1,101,404,28,/no_such_slw6l3vtnu_1772706323721
1772706323.773988,0,98,404,44,/no_such_5iaxirg4hi_1772706323729
1772706323.7837796,2,99,404,44,/no_such_oku8rfxg7v_1772706323739
1772706323.7943084,1,102,404,44,/no_such_82gr87no4m_1772706323749
1772706323.7978492,0,99,404,23,/no_such_3917f1qcvu_1772706323774
1772706323.8092656,2,100,404,25,/no_such_dxem76ayvj_1772706323783
1772706323.8180473,1,103,404,23,/no_such_9cc00rbgif_1772706323794
1772706323.8289165,0,100,404,31,/no_such_j9twnbgi01_1772706323797
1772706323.8371274,2,101,404,27,/no_such_y50smjge2y_1772706323809
1772706323.8469837,1,104,404,28,/no_such_am7a3jzr3l_1772706323818
1772706323.8530562,0,101,404,24,/no_such_d8tsjf88hg_1772706323828
1772706323.8616014,2,102,404,24,/no_such_i58nemyf6c_1772706323837
1772706323.8737838,1,105,404,26,/no_such_76sbscaj7r_1772706323847
1772706323.8868153,0,102,404,33,/no_such_krqp5b7lq6_1772706323853
1772706323.8960485,2,103,404,34,/no_such_th41f17hrf_1772706323861
1772706323.9067266,1,106,404,32,/no_such_wssyk4ndix_1772706323873
1772706323.9168718,0,103,404,29,/no_such_rymkj6ffj2_1772706323886
1772706323.920061,2,104,404,23,/no_such_s4ysj4xfnr_1772706323896
1772706323.9302602,1,107,404,23,/no_such_6wvqiqj52m_1772706323906
1772706323.9428856,0,104,404,25,/no_such_bll3ox723d_1772706323916
1772706323.950315,2,105,404,30,/no_such_51kdq4he0j_1772706323920
1772706323.9570138,1,108,404,26,/no_such_kw6twzo85g_1772706323930
1772706323.9728217,0,105,404,29,/no_such_hiwucbp64v_1772706323942
1772706323.985156,2,106,404,34,/no_such_gep6ojrz0c_1772706323950
1772706323.9963846,1,109,404,39,/no_such_ozj6f9p73l_1772706323957
1772706324.0033395,0,106,404,30,/no_such_9wolt6gqn0_1772706323972
1772706324.0128663,2,107,404,27,/no_such_b23gugn7ml_1772706323985
1772706324.0199623,1,110,404,23,/no_such_p3eud1ayio_1772706323996
1772706324.029809,0,107,404,26,/no_such_47xeusnkp9_1772706324003
1772706324.0437453,2,108,404,30,/no_such_ut7irpaziy_1772706324012
1772706324.048176,1,111,404,28,/no_such_jthzbdpozu_1772706324019
1772706324.0620704,0,108,404,32,/no_such_4teb31x1n7_1772706324029
1772706324.0735328,2,109,404,29,/no_such_a83h6b6y2x_1772706324043
1772706324.075871,1,112,404,27,/no_such_2yz6p2rhhq_1772706324048
1772706324.0909333,0,109,404,28,/no_such_wkjy4swwd3_1772706324062
1772706324.0998611,2,110,404,26,/no_such_mg0cvebxj8_1772706324073
1772706324.114828,1,113,404,38,/no_such_dluxbddaf5_1772706324075
1772706324.1166148,0,110,404,25,/no_such_wkixbgv19x_1772706324090
1772706324.124323,2,111,404,24,/no_such_9b4geavuvk_1772706324099
1772706324.1365197,1,114,404,21,/no_such_dakpxm0n5y_1772706324114
1772706324.1467464,0,111,404,30,/no_such_3z721bcn3b_1772706324116
1772706324.1559505,2,112,404,31,/no_such_oi0uk4eui4_1772706324124
1772706324.181323,0,112,404,34,/no_such_sm4lb32p1x_1772706324146
1772706324.1815708,1,115,404,45,/no_such_88xv4otofw_1772706324136
1772706324.1924882,2,113,404,36,/no_such_kjqrlw2om7_1772706324155
1772706324.2039342,0,113,404,22,/no_such_7o6hkc0j0e_1772706324181
1772706324.2157881,1,116,404,34,/no_such_f8q7nqjyz8_1772706324181
1772706324.2281845,2,114,404,35,/no_such_o9igq3nm8q_1772706324192
1772706324.2349823,0,114,404,31,/no_such_u99ejaxu9y_1772706324203
1772706324.245745,1,117,404,29,/no_such_002yf8jlz1_1772706324215
1772706324.2531009,2,115,404,24,/no_such_r1jxv1gtba_1772706324228
1772706324.266113,0,115,404,31,/no_such_j8cfso6l7w_1772706324235
1772706324.284338,1,118,404,38,/no_such_anh6w9ey87_1772706324245
1772706324.2877421,2,116,404,34,/no_such_o3qafwhsqh_1772706324253
1772706324.3022022,0,116,404,36,/no_such_h5mfgbp9hv_1772706324266
1772706324.310225,1,119,404,25,/no_such_k8nt657v3q_1772706324284
1772706324.3167005,2,117,404,28,/no_such_n81r292ie2_1772706324287
1772706324.3238907,0,117,404,21,/no_such_q6jj1n07h8_1772706324302
1772706324.3446574,1,120,404,34,/no_such_wloolqxszp_1772706324310
1772706324.3520744,2,118,404,35,/no_such_eluf5sxg4s_1772706324316
1772706324.3670347,0,118,404,43,/no_such_qnbhv3z90w_1772706324323
1772706324.3689287,1,121,404,24,/no_such_ig7uy7zssl_1772706324344
1772706324.3828132,2,119,404,30,/no_such_x3llag0p6y_1772706324352
1772706324.4059036,0,119,404,38,/no_such_8bi5sjmsby_1772706324367
1772706324.4109054,1,122,404,41,/no_such_7oa2pcgnm4_1772706324368
1772706324.419236,2,120,404,36,/no_such_28latq79fq_1772706324382
1772706324.429014,0,120,404,23,/no_such_iu12pu7ubj_1772706324405
1772706324.4361405,1,123,404,25,/no_such_6evup43qtx_1772706324410
1772706324.445295,2,121,404,26,/no_such_wizc030uzk_1772706324419
1772706324.453069,0,121,404,24,/no_such_buwnqj8gv6_1772706324429
1772706324.4636045,1,124,404,27,/no_such_d5dip71s0s_1772706324436
1772706324.4840627,2,122,404,38,/no_such_eouvvivn51_1772706324445
1772706324.4859874,0,122,404,32,/no_such_y0v2cqjsj3_1772706324453
1772706324.4897747,1,125,404,26,/no_such_i3qgpyxqn6_1772706324463
1772706324.5033555,2,123,404,19,/no_such_kchlolqe42_1772706324484
1772706324.5108652,0,123,404,24,/no_such_srlhh2cq7d_1772706324486
1772706324.5216494,1,126,404,31,/no_such_4j1xr0qs8x_1772706324489
1772706324.5362957,2,124,404,32,/no_such_0idda2d4ar_1772706324503
1772706324.5385525,0,124,404,27,/no_such_uhmkfqr9aw_1772706324510
1772706324.5472293,1,127,404,25,/no_such_z0qtmvbpmq_1772706324521
1772706324.5564451,2,125,404,20,/no_such_0djfrxw2gq_1772706324536
1772706324.5662344,0,125,404,27,/no_such_m7jvab8fzt_1772706324538
1772706324.5714557,1,128,404,24,/no_such_6wkd1zfsi6_1772706324547
1772706324.5880222,2,126,404,31,/no_such_r7dfd1ixc9_1772706324556
1772706324.600323,0,126,404,34,/no_such_2rqlqfaueg_1772706324566
1772706324.6111143,1,129,404,39,/no_such_wcjfpy73vb_1772706324571
1772706324.6204438,2,127,404,32,/no_such_lj87qu48d3_1772706324588
1772706324.627581,0,127,404,27,/no_such_dnwkb0nmda_1772706324600
1772706324.6351438,1,130,404,24,/no_such_ejpeqcui1n_1772706324611
1772706324.6483123,2,128,404,27,/no_such_wgnp3on02s_1772706324620
1772706324.657158,0,128,404,29,/no_such_g4bnwqb44q_1772706324627
1772706324.6643496,1,131,404,29,/no_such_ucugjcsx4u_1772706324635
1772706324.6720757,2,129,404,23,/no_such_kcudd131lu_1772706324648
1772706324.68096,0,129,404,23,/no_such_gfmothxf67_1772706324657
1772706324.6940434,1,132,404,29,/no_such_d5lo26k0x6_1772706324664
1772706324.7068467,2,130,404,34,/no_such_75kntx3a7w_1772706324672
1772706324.7159626,0,130,404,34,/no_such_01bh6w2bws_1772706324680
1772706324.727983,1,133,404,33,/no_such_pi3n2q2400_1772706324694
1772706324.7302876,2,131,404,23,/no_such_ps2p2r5esq_1772706324706
1772706324.7421525,0,131,404,26,/no_such_4etfwgz6yv_1772706324715
1772706324.750917,1,134,404,22,/no_such_mwh377db7p_1772706324727
1772706324.7604403,2,132,404,30,/no_such_l0e738ajkv_1772706324730
1772706324.7703118,0,132,404,28,/no_such_zrzu0i9oou_1772706324742
1772706324.781624,1,135,404,30,/no_such_t8iw4bfaao_1772706324750
1772706324.7988973,2,133,404,38,/no_such_08xy843u02_1772706324760
1772706324.799209,0,133,404,28,/no_such_ihdsbckmgd_1772706324770
1772706324.820182,1,136,404,38,/no_such_tc8br3xi1t_1772706324781
1772706324.8204434,2,134,404,21,/no_such_6dg5ige73i_1772706324798
1772706324.829109,0,134,404,29,/no_such_zg2pcyaxxs_1772706324799
1772706324.8401198,1,137,404,19,/no_such_lr81ib1sqm_1772706324820
1772706324.8618524,2,135,404,41,/no_such_6q2z3rsxot_1772706324820
1772706324.8709812,0,135,404,41,/no_such_qkf2a8uita_1772706324829
1772706324.882339,1,138,404,42,/no_such_tprfiw1vxk_1772706324840
1772706324.8950315,2,136,404,33,/no_such_kzfe03zqdp_1772706324861
1772706324.8964012,0,136,404,25,/no_such_dp83gh5r9l_1772706324870
1772706324.9190912,1,139,404,36,/no_such_al1dddhhn2_1772706324882
1772706324.9234316,0,137,404,27,/no_such_rzrpmcusk1_1772706324896
1772706324.9347718,2,137,404,39,/no_such_rhehldikmj_1772706324895
1772706324.9437914,1,140,404,24,/no_such_mnnp11p5hw_1772706324919
1772706324.9543047,0,138,404,30,/no_such_79yka3agtp_1772706324923
1772706324.959931,2,138,404,25,/no_such_o7h3bawl4k_1772706324934
1772706324.9706676,1,141,404,26,/no_such_2zj8wxcz5i_1772706324943
1772706324.9815598,0,139,404,27,/no_such_by0kitmw19_1772706324954
1772706324.9888103,2,139,404,28,/no_such_hrcetkvvud_1772706324959
1772706324.9972317,1,142,404,26,/no_such_quxo096435_1772706324970
1772706325.0158627,0,140,404,34,/no_such_0tiol1ejay_1772706324981
1772706325.0226767,2,140,404,33,/no_such_wpdct3aoxj_1772706324988
1772706325.0277984,1,143,404,30,/no_such_0cczvamox2_1772706324997
1772706325.038463,0,141,404,22,/no_such_3bo45s3jm7_1772706325015
1772706325.0495017,2,141,404,26,/no_such_reheedcaf5_1772706325022
1772706325.0554929,1,144,404,27,/no_such_ezj8oe9op9_1772706325027
1772706325.0655818,0,142,404,27,/no_such_vjxyzbyzn7_1772706325038
1772706325.0743036,2,142,404,24,/no_such_cykr8y6a7t_1772706325049
1772706325.0906641,0,143,404,25,/no_such_2os7e4mfr7_1772706325065
1772706325.090883,1,145,404,35,/no_such_t53gaw7nvy_1772706325055
1772706325.0998032,2,143,404,25,/no_such_1e8gopxfkn_1772706325074
1772706325.1168113,1,146,404,25,/no_such_6snm2xm83x_1772706325090
1772706325.1276455,0,144,404,36,/no_such_ef8v5byihk_1772706325090
1772706325.1359787,2,144,404,36,/no_such_7tdtdrry6e_1772706325099
1772706325.1419044,1,147,404,25,/no_such_2t4nicq8jh_1772706325116
1772706325.1701221,0,145,404,42,/no_such_18fa4si0n2_1772706325127
1772706325.1798377,2,145,404,43,/no_such_sh97u6j0hz_1772706325136
1772706325.1872478,1,148,404,45,/no_such_muecptidyw_1772706325141
1772706325.207221,0,146,404,37,/no_such_cdsfg0hiao_1772706325170
1772706325.2074637,2,146,404,27,/no_such_oc286s7ydq_1772706325179
1772706325.2198265,1,149,404,32,/no_such_qsisv8c5kd_1772706325187
1772706325.2319977,0,147,404,24,/no_such_piisuk7l6l_1772706325207
1772706325.2412786,2,147,404,33,/no_such_d0yyr38qsz_1772706325207
1772706325.243336,1,150,404,23,/no_such_wnb33fzg69_1772706325219
1772706325.2532966,0,148,404,21,/no_such_chkek1cly3_1772706325232
1772706325.2667446,2,148,404,25,/no_such_4ghi3x0kuf_1772706325241
1772706325.274506,1,151,404,31,/no_such_mwoh5yim4j_1772706325243
1772706325.2834842,0,149,404,30,/no_such_6cb7ih2oyg_1772706325253
1772706325.3040483,2,149,404,37,/no_such_1m4ix94ukr_1772706325266
1772706325.3744779,1,152,404,99,/no_such_zt5f302fsw_1772706325274
1772706325.374674,0,150,404,91,/no_such_ir0c9g96yz_1772706325283
1772706325.3748374,2,150,404,70,/no_such_475k9s6yyw_1772706325304
1772706325.3917098,1,153,404,17,/no_such_6kskb11lqg_1772706325374
1772706325.4765592,2,151,404,101,/no_such_60gn2yrt3x_1772706325374
1772706325.4767573,0,151,404,102,/no_such_u7sku47sxa_1772706325374
1772706325.493245,1,154,404,101,/no_such_r09fxslo4w_1772706325391
1772706325.5075321,2,152,404,30,/no_such_r847y5i266_1772706325476
1772706325.5103867,0,152,404,33,/no_such_sbymeviyji_1772706325476
1772706325.5356987,1,155,404,42,/no_such_d5mocgr6py_1772706325493
1772706325.5406015,2,153,404,33,/no_such_7kjvnv5os4_1772706325507
1772706325.542748,0,153,404,32,/no_such_vr9fd0axmd_1772706325510
1772706325.5710452,1,156,404,35,/no_such_xfuh6jrhad_1772706325535
1772706325.5783322,2,154,404,37,/no_such_6oxe8rrsy7_1772706325540
1772706325.5841348,0,154,404,41,/no_such_y7e6d30912_1772706325542
1772706325.597218,1,157,404,26,/no_such_nkuaau2x9m_1772706325571
1772706325.6103685,2,155,404,32,/no_such_lpt6mnxdv3_1772706325578
1772706325.6114657,0,155,404,27,/no_such_kbuu6omtcl_1772706325584
1772706325.624421,1,158,404,27,/no_such_8e20cs1wzi_1772706325597
1772706325.6351874,0,156,404,23,/no_such_yx9uxyjmiy_1772706325611
1772706325.6434233,2,156,404,33,/no_such_pzht4qqsn6_1772706325610
1772706325.6515405,1,159,404,27,/no_such_36zwbv1qik_1772706325624
1772706325.6604116,0,157,404,25,/no_such_etgees6mvz_1772706325635
1772706325.6677442,2,157,404,24,/no_such_pdau186b11_1772706325643
1772706325.68106,1,160,404,29,/no_such_9e5urv7vhv_1772706325651
1772706325.6875274,0,158,404,27,/no_such_in53nw9g50_1772706325660
1772706325.6982267,2,158,404,30,/no_such_b9kkwsxkxq_1772706325667
1772706325.7167144,1,161,404,35,/no_such_3we0jv6pj1_1772706325681
1772706325.7178645,0,159,404,30,/no_such_qiqil2nd5r_1772706325687
1772706325.7295055,2,159,404,31,/no_such_8p1pb7rjnm_1772706325698
1772706325.7387214,1,162,404,21,/no_such_i2ho0yw1tc_1772706325716
1772706325.7494223,0,160,404,31,/no_such_fva95d01e8_1772706325717
1772706325.75605,2,160,404,26,/no_such_215vash2h6_1772706325729
1772706325.7645106,1,163,404,25,/no_such_lm9qdgx86u_1772706325738
1772706325.7743242,0,161,404,24,/no_such_0roerfobon_1772706325749
1772706325.7835312,2,161,404,27,/no_such_yooyfd2jqs_1772706325756
1772706325.7923374,1,164,404,27,/no_such_pbdrk1cnbn_1772706325764
1772706325.7962918,0,162,404,21,/no_such_dng3311cyb_1772706325774
1772706325.817316,2,162,404,33,/no_such_yz5olmaca4_1772706325783
1772706325.8300228,1,165,404,37,/no_such_d5wr1o2r3d_1772706325792
1772706325.8418777,0,163,404,45,/no_such_hke4xlsco1_1772706325796
1772706325.8422146,2,163,404,24,/no_such_egfbt7f558_1772706325817
1772706325.8572714,1,166,404,27,/no_such_eaqtzy301t_1772706325830
1772706325.866855,0,164,404,24,/no_such_fy5ehrsg1g_1772706325841
1772706325.8719635,2,164,404,29,/no_such_p9enqfokmd_1772706325842
1772706325.8846757,1,167,404,27,/no_such_atcyms009b_1772706325857
1772706325.8941016,0,165,404,27,/no_such_5dna7z3o61_1772706325866
1772706325.9190052,2,165,404,47,/no_such_thkvpf0toy_1772706325871
1772706325.9331274,1,168,404,48,/no_such_gv5wva9aki_1772706325884
1772706325.9450665,0,166,404,50,/no_such_xdu6q0vey3_1772706325894
1772706325.9488034,2,166,404,29,/no_such_qpalq0anp5_1772706325919
1772706325.959481,1,169,404,26,/no_such_jhm6z3adl8_1772706325933
1772706325.9683666,0,167,404,23,/no_such_ndoj7abh83_1772706325945
1772706325.9770398,2,167,404,28,/no_such_yabaqpsswq_1772706325948
1772706325.9863005,1,170,404,26,/no_such_m7qxit4yp1_1772706325959
1772706325.9952135,0,168,404,26,/no_such_ux9ym74ywz_1772706325968
1772706326.0062487,2,168,404,29,/no_such_f3uv9x77nn_1772706325977
1772706326.0112743,1,171,404,24,/no_such_t9xvrb0b12_1772706325986
1772706326.0306787,0,169,404,35,/no_such_cu7cxlo0u6_1772706325995
1772706326.0442467,2,169,404,37,/no_such_35qu8p5fjs_1772706326006
1772706326.0472796,1,172,404,35,/no_such_iiklkz9qq9_1772706326011
1772706326.0611377,0,170,404,30,/no_such_lczx6grikx_1772706326030
1772706326.0701938,2,170,404,25,/no_such_wbkerzm2da_1772706326044
1772706326.0771322,1,173,404,29,/no_such_62z1po4ijw_1772706326047
1772706326.0870123,0,171,404,25,/no_such_gmrri30a8i_1772706326061
1772706326.0948095,2,171,404,24,/no_such_ynh600t4h7_1772706326070
1772706326.1059387,1,174,404,28,/no_such_r2eb3li058_1772706326077
1772706326.1125765,0,172,404,25,/no_such_ti600t0kqt_1772706326087
1772706326.1227612,2,172,404,27,/no_such_310x879art_1772706326094
1772706326.1384842,1,175,404,32,/no_such_utc710j0wy_1772706326105
1772706326.1500509,0,173,404,37,/no_such_3yk7owj3j8_1772706326112
1772706326.1570837,2,173,404,34,/no_such_f1wtw4860c_1772706326122
1772706326.1662807,1,176,404,27,/no_such_mp7907ioqo_1772706326138
1772706326.1710918,0,174,404,21,/no_such_h809rl7kef_1772706326150
1772706326.1829426,2,174,404,25,/no_such_4q7fnpqbwl_1772706326157
1772706326.1920376,1,177,404,25,/no_such_cysi21x02h_1772706326166
1772706326.200784,0,175,404,29,/no_such_l64va7a7gh_1772706326171
1772706326.2124183,2,175,404,29,/no_such_u8ll1y3fn7_1772706326182
1772706326.2260022,1,178,404,33,/no_such_h63yzeu79p_1772706326192
1772706326.226254,0,176,404,25,/no_such_86ypx1fklr_1772706326200
1772706326.2486892,2,176,404,36,/no_such_eu749znlb9_1772706326212
1772706326.2612526,0,177,404,34,/no_such_gv4mmhqwwn_1772706326226
1772706326.2664628,1,179,404,40,/no_such_fmgoa5xz7g_1772706326226
1772706326.2759478,2,177,404,27,/no_such_10inoz1g5p_1772706326248
1772706326.2867074,0,178,404,25,/no_such_b4hsimi1pz_1772706326261
1772706326.2956672,1,180,404,29,/no_such_iow5hf7yqc_1772706326266
1772706326.3066134,2,178,404,30,/no_such_898066zc3b_1772706326275
1772706326.312362,0,179,404,25,/no_such_0pwkh8hvzn_1772706326286
1772706326.328935,1,181,404,33,/no_such_4z9wk8a556_1772706326295
1772706326.3415377,2,179,404,34,/no_such_myq39wj5nq_1772706326306
1772706326.3522556,0,180,404,39,/no_such_eg0iihhdhz_1772706326312
1772706326.3581743,1,182,404,29,/no_such_jj7ylhbi67_1772706326328
1772706326.367406,2,180,404,25,/no_such_6lia23kevv_1772706326341
1772706326.377419,0,181,404,25,/no_such_wsigbck0lv_1772706326352
1772706326.3847625,1,183,404,26,/no_such_pg3jtfavuj_1772706326358
1772706326.3939073,2,181,404,26,/no_such_oog56cyy1a_1772706326367
1772706326.4053745,0,182,404,27,/no_such_t82nk37nel_1772706326377
1772706326.4152298,1,184,404,30,/no_such_9ehm9ozn2x_1772706326384
1772706326.4239087,2,182,404,29,/no_such_sc5kcwrf78_1772706326393
1772706326.4370573,0,183,404,31,/no_such_i6f0cqcawu_1772706326405
1772706326.4474893,1,185,404,32,/no_such_avvzf6ksnp_1772706326415
1772706326.456057,2,183,404,32,/no_such_4zcwlame58_1772706326423
1772706326.4669056,0,184,404,29,/no_such_z6x1wfyj7n_1772706326437
1772706326.4773285,1,186,404,29,/no_such_n6y7yg9rb7_1772706326447
1772706326.4854493,2,184,404,29,/no_such_2mmbtmcv4d_1772706326456
1772706326.4949567,0,185,404,27,/no_such_tyzl5jhjnr_1772706326466
1772706326.5041983,1,187,404,26,/no_such_px0jmj62hv_1772706326477
1772706326.5170586,2,185,404,31,/no_such_68z3h6ulp9_1772706326485
1772706326.5195036,0,186,404,24,/no_such_e6x8jh4hf6_1772706326494
1772706326.5343575,1,188,404,30,/no_such_ow4wh7h1xl_1772706326504
1772706326.5467274,2,186,404,29,/no_such_2h00tlmala_1772706326517
1772706326.5598836,0,187,404,40,/no_such_a6h1m1zijk_1772706326519
1772706326.5601768,1,189,404,25,/no_such_ujsvjwx82c_1772706326534
1772706326.5724652,2,187,404,25,/no_such_892bi6ihfe_1772706326546
1772706326.5844815,1,190,404,24,/no_such_lmvcy8dwli_1772706326560
1772706326.5884771,0,188,404,28,/no_such_cjwx9pcin6_1772706326559
1772706326.5993013,2,188,404,26,/no_such_uwx18mp0dd_1772706326572
1772706326.6093578,1,191,404,24,/no_such_skwj9hubbt_1772706326584
1772706326.6246884,0,189,404,36,/no_such_oprynsu5ky_1772706326588
1772706326.62592,2,189,404,26,/no_such_3vt5vrnyp3_1772706326599
1772706326.6363814,1,192,404,26,/no_such_3rih2rll45_1772706326609
1772706326.6538088,2,190,404,27,/no_such_tf68ea50b8_1772706326625
1772706326.661151,0,190,404,36,/no_such_lxeyjibjqa_1772706326624
1772706326.674093,1,193,404,37,/no_such_v2v8krcxhh_1772706326636
1772706326.6826198,2,191,404,28,/no_such_pu1a0h8szx_1772706326653
1772706326.68607,0,191,404,24,/no_such_96gvbscdix_1772706326661
1772706326.6982923,1,194,404,24,/no_such_ftvgobokeo_1772706326674
1772706326.7070475,2,192,404,24,/no_such_lum5jat70r_1772706326682
1772706326.7244503,0,192,404,38,/no_such_f4ggpg5t8c_1772706326686
1772706326.724735,1,195,404,26,/no_such_503quzcy5w_1772706326698
1772706326.7385886,2,193,404,31,/no_such_ut6rqs9aj4_1772706326707
1772706326.763007,1,196,404,38,/no_such_u3i8tmjsw9_1772706326724
1772706326.774977,0,193,404,50,/no_such_784nvm20ka_1772706326724
1772706326.7853625,2,194,404,46,/no_such_nxsw0v61ja_1772706326738
1772706326.7952816,1,197,404,32,/no_such_6u0nw7gw86_1772706326763
1772706326.800058,0,194,404,24,/no_such_dfn0nlckr7_1772706326775
1772706326.8109124,2,195,404,25,/no_such_2jkc5h31zu_1772706326785
1772706326.823527,1,198,404,28,/no_such_bwur3rpll7_1772706326795
1772706326.8306353,0,195,404,30,/no_such_o37347sopr_1772706326800
1772706326.840995,2,196,404,30,/no_such_ckbrdg1aib_1772706326810
1772706326.8523927,1,199,404,28,/no_such_77tg5w28l7_1772706326823
1772706326.8638005,0,196,404,33,/no_such_q6fy2748pp_1772706326830
1772706326.8716955,2,197,404,30,/no_such_2n1bjd8iii_1772706326841
1772706326.8796835,1,200,404,27,/no_such_1wlbmigxq9_1772706326852
1772706326.8893223,0,197,404,25,/no_such_x0js65yanj_1772706326863
1772706326.9002454,2,198,404,28,/no_such_w6m3smze6w_1772706326871
1772706326.9062684,1,201,404,26,/no_such_eadzm7ouil_1772706326879
1772706326.9167786,0,198,404,27,/no_such_odntofpx62_1772706326889
1772706326.9268222,2,199,404,26,/no_such_n728vhc6c2_1772706326900
1772706326.9426708,1,202,404,36,/no_such_exw7xkksp0_1772706326906
1772706326.9433587,0,199,404,26,/no_such_dv66lk6mbb_1772706326916
1772706326.955015,2,200,404,28,/no_such_k11bnbjnmt_1772706326926
1772706326.9658744,0,200,404,22,/no_such_z3tst0dqht_1772706326943
1772706326.9704187,1,203,404,27,/no_such_hdyv5wc5d0_1772706326942
1772706326.9812422,2,201,404,26,/no_such_jsw80n6i2z_1772706326955
1772706326.9898472,0,201,404,23,/no_such_nvr8rkcqx0_1772706326965
1772706326.9972258,1,204,404,26,/no_such_t9jp7anum3_1772706326970
1772706327.0070417,2,202,404,25,/no_such_2t5u55bzr0_1772706326981
1772706327.0196114,0,202,404,29,/no_such_caihkspl50_1772706326989
1772706327.0231802,1,205,404,25,/no_such_cdvf6ezasj_1772706326997
1772706327.0505362,2,203,404,43,/no_such_oaupimsl9y_1772706327007
1772706327.0520597,1,206,404,28,/no_such_tvubf4zn2w_1772706327023
1772706327.0527468,0,203,404,33,/no_such_m5v9ky5pee_1772706327019
1772706327.0701933,2,204,404,19,/no_such_el7v1db1zb_1772706327050
1772706327.0778434,1,207,404,25,/no_such_hdadsq3h8f_1772706327052
1772706327.0863216,0,204,404,33,/no_such_nkqe1lwy8m_1772706327052
1772706327.0965757,2,205,404,26,/no_such_putpciz80q_1772706327070
1772706327.1039367,1,208,404,26,/no_such_mg4ug25lne_1772706327077
1772706327.1143515,0,205,404,28,/no_such_9th2wjkpn2_1772706327086
1772706327.1231062,2,206,404,26,/no_such_04dbzqth4q_1772706327096
1772706327.1317294,1,209,404,27,/no_such_czq9bdgazm_1772706327103
1772706327.1435254,0,206,404,29,/no_such_ohq86din74_1772706327114
1772706327.1526754,2,207,404,29,/no_such_4inx5ripy9_1772706327123
1772706327.1743863,1,210,404,42,/no_such_j13dgejpkh_1772706327131
1772706327.178507,0,207,404,34,/no_such_d1r8mqfawd_1772706327143
1772706327.1831145,2,208,404,30,/no_such_nxxxzb36e4_1772706327152
1772706327.196921,1,211,404,22,/no_such_a43c37bccr_1772706327174
1772706327.2057257,0,208,404,27,/no_such_kwe4vlxwkx_1772706327178
1772706327.2137594,2,209,404,30,/no_such_fou1ks58fr_1772706327183
1772706327.224981,1,212,404,28,/no_such_adfr3k6fha_1772706327196
1772706327.2291067,0,209,404,23,/no_such_7ovjt8fx6z_1772706327205
1772706327.240663,2,210,404,26,/no_such_0qyk6wooei_1772706327213
1772706327.248478,1,213,404,23,/no_such_2srmokgd0y_1772706327225
1772706327.2653897,0,210,404,36,/no_such_twsalen63r_1772706327229
1772706327.271929,2,211,404,31,/no_such_ybo0thbfch_1772706327240
1772706327.276799,1,214,404,28,/no_such_mut590u966_1772706327248
1772706327.288341,0,211,404,22,/no_such_a05zks5q3m_1772706327265
1772706327.3003736,2,212,404,28,/no_such_kihunirdqy_1772706327271
1772706327.3122954,1,215,404,35,/no_such_xgmp9tke7z_1772706327276
1772706327.3158545,0,212,404,27,/no_such_b73a4jp5o3_1772706327288
1772706327.3273969,2,213,404,27,/no_such_elr4bogm9t_1772706327300
1772706327.336605,1,216,404,24,/no_such_vxaqmb97wv_1772706327312
1772706327.3516333,0,213,404,35,/no_such_jghejwaok3_1772706327315
1772706327.3518314,2,214,404,24,/no_such_2tdug8m9ol_1772706327327
1772706327.3698347,1,217,404,33,/no_such_ysnnc942i3_1772706327336
1772706327.3797758,0,214,404,28,/no_such_ukwy0u3ibn_1772706327351
1772706327.3904233,2,215,404,38,/no_such_dozukfjj7z_1772706327351
1772706327.393977,1,218,404,24,/no_such_g6t9rsf103_1772706327369
1772706327.3994896,0,215,404,19,/no_such_5eq2gvox4q_1772706327379
1772706327.4251316,2,216,404,34,/no_such_l6bhxd4sqt_1772706327390
1772706327.432731,1,219,404,38,/no_such_gfs0xi61wj_1772706327393
1772706327.4405484,0,216,404,41,/no_such_kp3ydr7g7b_1772706327399
1772706327.453611,2,217,404,28,/no_such_74na3ayg7t_1772706327425
1772706327.4796088,1,220,404,46,/no_such_2nki6v1bwk_1772706327432
1772706327.480637,0,217,404,40,/no_such_svovc3pwnj_1772706327440
1772706327.4860747,2,218,404,32,/no_such_fumemga92s_1772706327453
1772706327.5169315,1,221,404,37,/no_such_xf5fyuasa3_1772706327479
1772706327.5184934,0,218,404,37,/no_such_2rrnxk2q6i_1772706327480
1772706327.5192325,2,219,404,33,/no_such_0n1b383esu_1772706327486
1772706327.5411153,1,222,404,24,/no_such_7w1vgkn2a2_1772706327516
1772706327.5413332,0,219,404,22,/no_such_64jzag1cot_1772706327518
1772706327.5575795,2,220,404,38,/no_such_1h7pcuphmp_1772706327519
1772706327.5727568,0,220,404,31,/no_such_nc7flgkbgj_1772706327541
1772706327.626102,1,223,404,84,/no_such_87y9rkhdzc_1772706327541
1772706327.6263933,2,221,404,68,/no_such_z811ed320o_1772706327557
1772706327.6426847,0,221,404,69,/no_such_2qcxb15w28_1772706327572
1772706327.6453574,2,222,404,18,/no_such_gt8qime2z8_1772706327626
1772706327.6636796,1,224,404,37,/no_such_sa46wh00m7_1772706327626
1772706327.6731353,0,222,404,30,/no_such_pyjtt2dqw0_1772706327642
1772706327.6871133,2,223,404,41,/no_such_lsqr65uu0y_1772706327645
1772706327.6873686,1,225,404,23,/no_such_bjh1d21enj_1772706327663
1772706327.701369,0,223,404,28,/no_such_ke4yxi1d6g_1772706327673
1772706327.7290008,2,224,404,41,/no_such_dqe1mm1kz9_1772706327687
1772706327.7293012,1,226,404,41,/no_such_a8hk47mlym_1772706327687
1772706327.7451262,0,224,404,43,/no_such_t5u3hzihyo_1772706327701
1772706327.7474031,1,227,404,18,/no_such_epypj3zj3l_1772706327729
1772706327.7623243,2,225,404,33,/no_such_4zqip3zasl_1772706327729
1772706327.7871988,0,225,404,42,/no_such_khx4n3cvoe_1772706327745
1772706327.7888005,1,228,404,41,/no_such_vi28b5xarr_1772706327747
1772706327.7996662,2,226,404,37,/no_such_kh3licqi0s_1772706327762
1772706327.809817,1,229,404,20,/no_such_nkasp1t5sm_1772706327788
1772706327.8185017,0,226,404,31,/no_such_ws1r1nqeja_1772706327787
1772706327.8287401,2,227,404,29,/no_such_r824v2dl52_1772706327799
1772706327.8368366,1,230,404,26,/no_such_sy1p2yw2x3_1772706327809
1772706327.8450496,0,227,404,26,/no_such_vkwjwfwkyu_1772706327818
1772706327.855082,2,228,404,26,/no_such_8833eokeec_1772706327828
1772706327.8804252,1,231,404,43,/no_such_lox2e1w6z6_1772706327836
1772706327.8912206,0,228,404,46,/no_such_6i3hib19he_1772706327845
1772706327.89732,2,229,404,42,/no_such_ykekqyi14r_1772706327855
1772706327.910862,1,232,404,30,/no_such_yt6fomp5uf_1772706327880
1772706327.9172695,0,229,404,26,/no_such_zgkniu4s22_1772706327891
1772706327.9281213,2,230,404,30,/no_such_kay4j1bs3e_1772706327897
1772706327.938231,1,233,404,27,/no_such_mytr6qjgpg_1772706327910
1772706327.9457014,0,230,404,28,/no_such_ohj0x9ali7_1772706327917
1772706327.950889,2,231,404,22,/no_such_v4anklqp3l_1772706327928
1772706327.970983,1,234,404,32,/no_such_cx2ya16xho_1772706327938
1772706327.9950266,0,231,404,49,/no_such_wpjhlhl23w_1772706327945
1772706327.9959629,2,232,404,45,/no_such_ju7cva4un5_1772706327950
1772706327.9997516,1,235,404,28,/no_such_8zqrd7gvci_1772706327971
1772706328.0153742,0,232,404,20,/no_such_cn15txcumn_1772706327995
1772706328.0247953,2,233,404,28,/no_such_1hh7vblced_1772706327995
1772706328.036498,1,236,404,36,/no_such_rxyqjo4ban_1772706327999
1772706328.041541,0,233,404,26,/no_such_laqhsdu8mq_1772706328015
1772706328.0543613,2,234,404,29,/no_such_awtxllhuer_1772706328024
1772706328.0604634,1,237,404,23,/no_such_0y8s88lusl_1772706328036
1772706328.0698812,0,234,404,28,/no_such_u45fa4oy2z_1772706328041
1772706328.0816128,2,235,404,27,/no_such_ypavehlhwz_1772706328054
1772706328.1097698,1,238,404,49,/no_such_c7spif8pp6_1772706328060
1772706328.117002,0,235,404,47,/no_such_lfq7qv9645_1772706328069
1772706328.1264813,2,236,404,44,/no_such_c1kjzv9e24_1772706328081
1772706328.1404676,1,239,404,30,/no_such_jkp5lwbglb_1772706328109
1772706328.1430395,0,236,404,25,/no_such_fxd385kwir_1772706328117
1772706328.1610587,2,237,404,34,/no_such_3m86u9ha1l_1772706328126
1772706328.1691787,1,240,404,28,/no_such_330c39t680_1772706328140
1772706328.1719375,0,237,404,28,/no_such_ff61p7nepo_1772706328143
1772706328.2178009,2,238,404,56,/no_such_ce3t8lpqba_1772706328161
1772706328.2219229,1,241,404,52,/no_such_yah62liltn_1772706328169
1772706328.2328718,0,238,404,60,/no_such_yuur0cy2v3_1772706328171
1772706328.2416425,2,239,404,23,/no_such_wxlhbxa7p0_1772706328217
1772706328.2535567,1,242,404,31,/no_such_hp37v4koyj_1772706328221
1772706328.2608204,0,239,404,27,/no_such_u0n6ya1mnc_1772706328232
1772706328.2984204,2,240,404,56,/no_such_l14dtnwjlf_1772706328241
1772706328.3024387,1,243,404,48,/no_such_ob85rijcaf_1772706328253
1772706328.3133404,0,240,404,52,/no_such_8tw9scrf5e_1772706328260
1772706328.3217013,2,241,404,23,/no_such_blql8d199a_1772706328298
1772706328.330555,1,244,404,28,/no_such_b04ec6opqm_1772706328302
1772706328.3383083,0,241,404,24,/no_such_mtj2k9r9pz_1772706328313
1772706328.347088,2,242,404,25,/no_such_q8teybxmij_1772706328321
1772706328.3559022,1,245,404,25,/no_such_1hp50lytry_1772706328330
1772706328.364516,0,242,404,26,/no_such_5ynxjl4xlz_1772706328338
1772706328.3810298,2,243,404,33,/no_such_ku9xxkegz8_1772706328347
1772706328.3847725,1,246,404,28,/no_such_07mm76qkog_1772706328355
1772706328.4034388,0,243,404,38,/no_such_hdgcb0mxrg_1772706328364
1772706328.4089413,2,244,404,27,/no_such_3dsszsdbja_1772706328381
1772706328.4184942,1,247,404,33,/no_such_elkxm8rqw8_1772706328384
1772706328.4291859,0,244,404,25,/no_such_om9z0qayfg_1772706328403
1772706328.437304,2,245,404,28,/no_such_cojr4og805_1772706328408
1772706328.4469733,1,248,404,28,/no_such_y6o7buyorz_1772706328418
1772706328.4607568,0,245,404,31,/no_such_2fj3eckf83_1772706328429
1772706328.4688158,2,246,404,31,/no_such_krrwtg74yc_1772706328437
1772706328.4788742,1,249,404,31,/no_such_cvw12iic24_1772706328446
1772706328.4948182,0,246,404,34,/no_such_qu687hdt4b_1772706328460
1772706328.5112617,2,247,404,42,/no_such_l3yfdhwl3e_1772706328468
1772706328.5116599,1,250,404,32,/no_such_1fx7wq9yyy_1772706328478
1772706328.519775,0,247,404,24,/no_such_y3dpradp04_1772706328494
1772706328.541525,2,248,404,30,/no_such_logbiaufix_1772706328511
1772706328.5479343,1,251,404,36,/no_such_r86q697eyh_1772706328511
1772706328.5636306,0,248,404,43,/no_such_t3f64512tk_1772706328519
1772706328.5804298,2,249,404,38,/no_such_qebaquje8v_1772706328541
1772706328.582858,1,252,404,34,/no_such_cg36ddbpaz_1772706328547
1772706328.6087072,0,249,404,45,/no_such_3m3ilrzz6u_1772706328563
1772706328.622587,2,250,404,42,/no_such_ainztddv59_1772706328580
1772706328.6283858,1,253,404,45,/no_such_sja5zgdrft_1772706328582
1772706328.6442404,0,250,404,35,/no_such_jzis9iw8i7_1772706328608
1772706328.649158,2,251,404,26,/no_such_39qdseitsz_1772706328622
1772706328.666295,1,254,404,37,/no_such_hpfzcgmzrm_1772706328628
1772706328.6826496,0,251,404,38,/no_such_p9vhmy6t5s_1772706328644
1772706328.7198257,2,252,404,70,/no_such_hs38t1cjnu_1772706328649
1772706328.8540907,1,255,404,187,/no_such_iopshwg6a7_1772706328666
1772706328.8564572,0,252,404,173,/no_such_7vw5k814ou_1772706328682
1772706328.8624356,2,253,404,142,/no_such_njfwdgjh7k_1772706328719
1772706328.878634,1,256,404,24,/no_such_a7b59tbf79_1772706328854
1772706328.890887,0,253,404,34,/no_such_be2gm2k2ed_1772706328856
1772706328.8911376,2,254,404,28,/no_such_ir3xhy3yf4_1772706328862
1772706328.907094,1,257,404,28,/no_such_zkxc0wiuzs_1772706328878
1772706328.916622,2,255,404,25,/no_such_c2o0ep2uh0_1772706328891
1772706328.9247594,0,254,404,33,/no_such_ixgk5ek2xo_1772706328890
1772706328.9320147,1,258,404,24,/no_such_eienknq98m_1772706328907
1772706328.9457948,2,256,404,29,/no_such_zr5gd0q7b4_1772706328916
1772706328.9550931,0,255,404,30,/no_such_yniq5z9gmb_1772706328924
1772706328.961814,1,259,404,29,/no_such_pc0waaiuzx_1772706328932
1772706328.9732516,2,257,404,27,/no_such_ce4oybewc9_1772706328945
1772706328.9812784,0,256,404,26,/no_such_1tgbjlfgq7_1772706328955
1772706328.9946532,1,260,404,32,/no_such_nypg6oykbw_1772706328961
1772706329.004441,2,258,404,31,/no_such_latvc9uykx_1772706328973
1772706329.0092406,0,257,404,27,/no_such_asviz4da0q_1772706328981
1772706329.0165348,1,261,404,21,/no_such_9qrhfsxcim_1772706328994
1772706329.0453951,2,259,404,40,/no_such_gh6jq1tloh_1772706329004
1772706329.0560338,0,258,404,46,/no_such_9cfywrh5g8_1772706329009
1772706329.062883,1,262,404,46,/no_such_ckluq7iycu_1772706329016
1772706329.070277,2,260,404,24,/no_such_lbxpaej76e_1772706329045
1772706329.0841858,0,259,404,28,/no_such_q37wu8mt25_1772706329056
1772706329.1037188,1,263,404,40,/no_such_i65yetzh3o_1772706329062
1772706329.1168635,2,261,404,46,/no_such_wjgwboj4vx_1772706329070
1772706329.1202648,0,260,404,36,/no_such_tx6ge6i9e5_1772706329084
1772706329.1306179,1,264,404,26,/no_such_dmcv9qqzbx_1772706329103
1772706329.1415327,2,262,404,24,/no_such_5xlbvv7f0d_1772706329116
1772706329.148825,0,261,404,28,/no_such_hyik63vsak_1772706329120
1772706329.1604977,1,265,404,29,/no_such_ve6k37whc8_1772706329130
1772706329.1730473,2,263,404,31,/no_such_eedvbmfqqo_1772706329141
1772706329.1832585,0,262,404,34,/no_such_44uzol8ysh_1772706329148
1772706329.1980257,1,266,404,37,/no_such_vqdxcjm0w1_1772706329160
1772706329.1982198,2,264,404,25,/no_such_vmmjwemlpe_1772706329173
1772706329.2201989,0,263,404,36,/no_such_102mrj7sy5_1772706329183
1772706329.2234259,2,265,404,25,/no_such_dhcdqdjej7_1772706329198
1772706329.232712,1,267,404,34,/no_such_h4hro9oeza_1772706329198
1772706329.2442784,0,264,404,24,/no_such_y1n6zp8ilr_1772706329220
1772706329.2520936,2,266,404,28,/no_such_zsezfu89c8_1772706329223
1772706329.260214,1,268,404,27,/no_such_iqzpe80ogs_1772706329232
1772706329.2751787,0,265,404,30,/no_such_51n0j17aig_1772706329244
1772706329.2825284,2,267,404,30,/no_such_3kcvxiw7sq_1772706329252
1772706329.2998106,1,269,404,39,/no_such_wd4e8alqyp_1772706329260
1772706329.3023157,0,266,404,27,/no_such_nl0x48pgou_1772706329275
1772706329.3125703,2,268,404,30,/no_such_q6p6i1mirc_1772706329282
1772706329.3237915,1,270,404,23,/no_such_prxwa1ki1y_1772706329299
1772706329.327405,0,267,404,25,/no_such_n6gfnqf9p6_1772706329302
1772706329.345391,2,269,404,32,/no_such_ykqkbw7aqd_1772706329312
1772706329.3540895,1,271,404,30,/no_such_lcbye3ga8k_1772706329323
1772706329.357361,0,268,404,29,/no_such_adgi1k1u8g_1772706329327
1772706329.3689663,2,270,404,23,/no_such_h94u7246a7_1772706329345
1772706329.382211,1,272,404,28,/no_such_70xk2vsbnq_1772706329354
1772706329.3854003,0,269,404,27,/no_such_xgrki18qag_1772706329357
1772706329.4014373,2,271,404,32,/no_such_rf9qp1muxy_1772706329368
1772706329.4188735,1,273,404,36,/no_such_2rguuri3al_1772706329382
1772706329.4265556,0,270,404,41,/no_such_e3bgzabfcl_1772706329385
1772706329.4294548,2,272,404,27,/no_such_csfvac5r9w_1772706329401
1772706329.4470046,1,274,404,28,/no_such_gcbdbubxmf_1772706329418
1772706329.45535,0,271,404,28,/no_such_w60spzy9he_1772706329426
1772706329.4637578,2,273,404,34,/no_such_kv3sgdww9v_1772706329429
1772706329.4708402,1,275,404,23,/no_such_sogleshh2j_1772706329447
1772706329.482063,0,272,404,26,/no_such_5c8qyhf030_1772706329455
1772706329.5373747,2,274,404,73,/no_such_grope4l1e0_1772706329463
1772706329.5376036,1,276,404,66,/no_such_05bqc3ln9y_1772706329470
1772706329.5756783,0,273,404,93,/no_such_0cry8kaf6x_1772706329482
1772706329.5820105,1,277,404,44,/no_such_6ex2lx7qeh_1772706329537
1772706329.5911458,2,275,404,53,/no_such_v5ej4dcksy_1772706329537
1772706329.6084325,0,274,404,32,/no_such_wbdhbvfpq3_1772706329575
1772706329.6169224,1,278,404,34,/no_such_pau6bge8qq_1772706329582
1772706329.6295702,2,276,404,38,/no_such_6srv9z72qd_1772706329591
1772706329.63428,0,275,404,25,/no_such_gco2dmm1r7_1772706329608
1772706329.6462917,1,279,404,29,/no_such_ka0mf212g5_1772706329616
1772706329.6523666,2,277,404,22,/no_such_0rnssdtfuz_1772706329629
1772706329.6620178,0,276,404,27,/no_such_zmaueua1wd_1772706329634
1772706329.672697,1,280,404,26,/no_such_mdx7a1d0um_1772706329646
1772706329.6799421,2,278,404,27,/no_such_4n3pbpf3lr_1772706329652
1772706329.6905115,0,277,404,28,/no_such_536cf4lvy3_1772706329662
1772706329.6978028,1,281,404,25,/no_such_d33azmwdsj_1772706329672
1772706329.708292,2,279,404,28,/no_such_y07tyf5ifb_1772706329679
1772706329.7241983,0,278,404,33,/no_such_1ozv10ua3d_1772706329690
1772706329.7782137,1,282,404,80,/no_such_l5mbpfwid3_1772706329697
1772706329.7796807,2,280,404,71,/no_such_ro538wqdkx_1772706329708
1772706329.7973166,0,279,404,73,/no_such_gi599dtbss_1772706329724
1772706329.8804352,1,283,404,102,/no_such_wpwh9t6to1_1772706329778
1772706329.8806808,2,281,404,100,/no_such_al2si3o8ea_1772706329779
1772706329.8963716,0,280,404,99,/no_such_kvi5m6oesb_1772706329797
1772706329.930603,1,284,404,50,/no_such_r9f358eld0_1772706329880
1772706329.9416924,2,282,404,60,/no_such_zeh8w4ndso_1772706329880
1772706329.947743,0,281,404,51,/no_such_p9d8dg5qv6_1772706329896
1772706329.9542923,1,285,404,23,/no_such_g76eehsycp_1772706329930
1772706329.985614,2,283,404,43,/no_such_jivjtwvkrd_1772706329941
1772706329.9945357,0,282,404,46,/no_such_nttp1tmt81_1772706329947
1772706330.005174,1,286,404,50,/no_such_wmtqkz7xfs_1772706329954
1772706330.0201645,2,284,404,34,/no_such_oqusjcsn8e_1772706329985
1772706330.0258043,0,283,404,31,/no_such_mkqumi4k2u_1772706329994
1772706330.0415165,1,287,404,36,/no_such_lrkqsfop5y_1772706330005
1772706330.0420003,2,285,404,21,/no_such_kiqtf480d9_1772706330020
1772706330.0559778,0,284,404,30,/no_such_273n4usymf_1772706330025
1772706330.0622373,1,288,404,20,/no_such_kvxxklrn3f_1772706330041
1772706330.071361,2,286,404,29,/no_such_04a6fssbl1_1772706330042
1772706330.085014,0,285,404,29,/no_such_cyrk569fa5_1772706330055
1772706330.0889971,1,289,404,26,/no_such_o8a2ex1pr0_1772706330062
1772706330.1034794,2,287,404,32,/no_such_tbofcxbnpu_1772706330071
1772706330.1066277,0,286,404,21,/no_such_ndb00cjqm9_1772706330085
1772706330.113995,1,290,404,24,/no_such_ur579tb8wf_1772706330089
1772706330.1309714,2,288,404,27,/no_such_xccsa6o3yy_1772706330103
1772706330.1468866,0,287,404,40,/no_such_mfq9yp43a6_1772706330106
1772706330.1471052,1,291,404,33,/no_such_9nk8av58d3_1772706330114
1772706330.1569068,2,289,404,25,/no_such_v8s5d2sglp_1772706330130
1772706330.1658487,1,292,404,18,/no_such_4url64hgqq_1772706330147
1772706330.1775224,0,288,404,30,/no_such_2nnoh5fj0u_1772706330146
1772706330.1862824,2,290,404,29,/no_such_fhht87grnh_1772706330156
1772706330.1974719,1,293,404,31,/no_such_0209zl0pp6_1772706330165
1772706330.202307,0,289,404,24,/no_such_zkd9zw6wph_1772706330177
1772706330.219431,2,291,404,33,/no_such_5dsutyjcm3_1772706330186
1772706330.22954,1,294,404,32,/no_such_su1h0nhisj_1772706330197
1772706330.2367396,0,290,404,34,/no_such_px3uwco653_1772706330202
1772706330.2467155,2,292,404,27,/no_such_ivan4u1bpl_1772706330219
1772706330.253748,1,295,404,24,/no_such_ws2bc1leth_1772706330229
1772706330.267062,0,291,404,30,/no_such_iv5imzjv5y_1772706330236
1772706330.2747407,2,293,404,28,/no_such_jjfddpiw0a_1772706330246
1772706330.277485,1,296,404,23,/no_such_875mprisjd_1772706330253
1772706330.29484,0,292,404,27,/no_such_kx8spe1byz_1772706330267
1772706330.3024337,2,294,404,27,/no_such_oneas2hmud_1772706330274
1772706330.3227334,1,297,404,45,/no_such_hww3n3p2mb_1772706330277
1772706330.323116,0,293,404,28,/no_such_68fp5mw2zk_1772706330294
1772706330.338463,2,295,404,36,/no_such_2u0b3fhn4e_1772706330302
1772706330.3484797,1,298,404,25,/no_such_bzdlgeyxgx_1772706330322
1772706330.357182,0,294,404,34,/no_such_cuwibxhcbh_1772706330323
1772706330.370636,2,296,404,32,/no_such_p2jdlrv0rw_1772706330338
1772706330.3725088,1,299,404,24,/no_such_v8288n3pbz_1772706330348
1772706330.3855844,0,295,404,28,/no_such_dv8wgrzkvu_1772706330357
1772706330.3948314,2,297,404,24,/no_such_ts35niuwl4_1772706330370
1772706330.4243426,1,300,404,51,/no_such_c9ty42ef24_1772706330372
1772706330.4259038,0,296,404,40,/no_such_nmuqq1io9i_1772706330385
1772706330.4265578,2,298,404,31,/no_such_4hd8yudr9g_1772706330394
1772706330.4668705,1,301,404,42,/no_such_v7sviksn3a_1772706330424
1772706330.467904,0,297,404,41,/no_such_16ce8snbpt_1772706330425
1772706330.4803078,2,299,404,53,/no_such_g0p7i9rqkh_1772706330426
1772706330.5147238,1,302,404,47,/no_such_gy832hajqg_1772706330466
1772706330.5157983,0,298,404,47,/no_such_q5a7vt9qvm_1772706330467
1772706330.5255015,2,300,404,45,/no_such_ud8pokussk_1772706330480
1772706330.5661588,1,303,404,51,/no_such_qeoolwi6lp_1772706330514
1772706330.5678072,0,299,404,51,/no_such_zjri1knxq3_1772706330515
1772706330.5752997,2,301,404,49,/no_such_kvh131axx7_1772706330525
1772706330.611124,1,304,404,44,/no_such_unqyn9z18m_1772706330566
1772706330.6290421,0,300,404,61,/no_such_d5fm9cmdav_1772706330567
1772706330.630112,2,302,404,54,/no_such_4xzrxp4a3q_1772706330575
1772706330.6598403,1,305,404,48,/no_such_pz1y4uka9z_1772706330611
1772706330.6602414,0,301,404,31,/no_such_ptx3m1q8k2_1772706330629
1772706330.6770437,2,303,404,46,/no_such_21m69lzvbf_1772706330630
1772706330.7050354,1,306,404,45,/no_such_v99hic2pau_1772706330659
1772706330.7148876,0,302,404,54,/no_such_ht1nnrmh5s_1772706330660
1772706330.7404175,2,304,404,63,/no_such_ild1qimesg_1772706330677
1772706330.767897,1,307,404,62,/no_such_4vkg8ef1ai_1772706330705
1772706330.7851245,0,303,404,70,/no_such_uoqmgtwh5c_1772706330714
1772706330.7876947,2,305,404,47,/no_such_gfdww8hm84_1772706330740
1772706330.8042986,1,308,404,36,/no_such_edq1kfyk4a_1772706330767
1772706330.8094904,0,304,404,24,/no_such_erml5q9d2o_1772706330785
1772706330.835571,2,306,404,47,/no_such_v45p6y63xy_1772706330787
1772706330.8508382,1,309,404,46,/no_such_12bcm0cdwg_1772706330804
1772706330.8728619,0,305,404,63,/no_such_qgykmzezw6_1772706330809
1772706330.9162874,2,307,404,80,/no_such_60lqzvtkba_1772706330835
1772706330.918112,1,310,404,67,/no_such_380v6xiegm_1772706330850
1772706330.9258354,0,306,404,52,/no_such_f7c2m60y18_1772706330872
1772706330.967268,2,308,404,50,/no_such_iou0pp71sj_1772706330916
1772706330.9675176,1,311,404,49,/no_such_g9zpr9nc19_1772706330918
1772706330.9677236,0,307,404,41,/no_such_j0hbmfdo6g_1772706330925
1772706330.993227,0,308,404,25,/no_such_l38tztxc5u_1772706330967
1772706331.003201,2,309,404,35,/no_such_wclfhfcf2x_1772706330967
1772706331.0109751,1,312,404,43,/no_such_ks98wvo8o3_1772706330967
1772706331.0291219,0,309,404,35,/no_such_8tpbjrlzkf_1772706330993
1772706331.0567174,2,310,404,53,/no_such_90z7jfn9zi_1772706331003
1772706331.064058,1,313,404,53,/no_such_6vn1q9wlsl_1772706331010
1772706331.0921848,0,310,404,63,/no_such_diuos792v3_1772706331029
1772706331.1090357,2,311,404,52,/no_such_ai5o55h4jt_1772706331056
1772706331.1288698,1,314,404,64,/no_such_cuz5v20g9z_1772706331064
1772706331.1415503,0,311,404,49,/no_such_wcer9lxfsk_1772706331092
1772706331.1455493,2,312,404,36,/no_such_92abkaszv7_1772706331109
1772706331.1740022,1,315,404,45,/no_such_a8378fpu31_1772706331128
1772706331.1915712,0,312,404,49,/no_such_lb13ke6vlx_1772706331141
1772706331.1994338,2,313,404,53,/no_such_0lzrv5ljcg_1772706331145
1772706331.2087238,1,316,404,34,/no_such_20lg3n2d72_1772706331174
1772706331.2451048,0,313,404,53,/no_such_z83lk2c2u7_1772706331191
1772706331.272259,2,314,404,72,/no_such_e79hyvvs0e_1772706331199
1772706331.27251,1,317,404,63,/no_such_ciettp68n2_1772706331208
1772706331.2858567,0,314,404,40,/no_such_tu4m9uqo6s_1772706331245
1772706331.294334,1,318,404,21,/no_such_1nggcb699r_1772706331272
1772706331.2978265,2,315,404,25,/no_such_0ghyohxaor_1772706331272
1772706331.3493812,0,315,404,63,/no_such_whtoo2gqer_1772706331285
1772706331.349625,1,319,404,55,/no_such_2iw59pm9of_1772706331294
1772706331.3533478,2,316,404,55,/no_such_2f54kcok3s_1772706331297
1772706331.389169,0,316,404,39,/no_such_23ret0mg30_1772706331349
1772706331.3989363,1,320,404,49,/no_such_3we1zlzyc0_1772706331349
1772706331.4037833,2,317,404,50,/no_such_zkv5pcmekt_1772706331353
1772706331.432888,0,317,404,43,/no_such_x0py4nyi4s_1772706331389
1772706331.4355617,1,321,404,36,/no_such_wg54sm97tk_1772706331398
1772706331.439233,2,318,404,35,/no_such_psyvxnptwu_1772706331403
1772706331.502134,0,318,404,69,/no_such_2xggac6m1k_1772706331432
1772706331.502334,1,322,404,66,/no_such_ywpksc66jw_1772706331435
1772706331.5025077,2,319,404,63,/no_such_hr968r4hyl_1772706331439
1772706331.5274997,0,319,404,25,/no_such_udrfbkzw4n_1772706331502
1772706331.5330935,2,320,404,30,/no_such_wpfbpyoeg8_1772706331502
1772706331.5505645,1,323,404,48,/no_such_s4tzjnth36_1772706331502
1772706331.5866547,0,320,404,59,/no_such_p1k34lmoqp_1772706331527
1772706331.5890388,2,321,404,55,/no_such_b4c4qvpcmx_1772706331533
1772706331.5914154,1,324,404,40,/no_such_9vkuultu2c_1772706331550
1772706331.6320891,0,321,404,45,/no_such_20p65lzfcq_1772706331586
1772706331.6398418,2,322,404,50,/no_such_o45ync3mya_1772706331589
1772706331.6416867,1,325,404,50,/no_such_6bjg7tgyib_1772706331591
1772706331.6919682,0,322,404,59,/no_such_3ugy56fopd_1772706331632
1772706331.708768,2,323,404,68,/no_such_4aqwm9t3s3_1772706331639
1772706331.7099793,1,326,404,68,/no_such_cisfwl7hd7_1772706331641
1772706331.7241807,0,323,404,32,/no_such_afu13plnoc_1772706331691
1772706331.7451577,2,324,404,36,/no_such_zp1m0s7j5a_1772706331708
1772706331.7454019,1,327,404,35,/no_such_6j5ane9640_1772706331709
1772706331.78202,0,324,404,57,/no_such_zjyi3afp5i_1772706331724
1772706331.7822516,1,328,404,36,/no_such_58pteu1xay_1772706331745
1772706331.7956693,2,325,404,50,/no_such_5m3l8od8ny_1772706331745
1772706331.812384,1,329,404,30,/no_such_rk083r955s_1772706331782
1772706331.8126323,0,325,404,30,/no_such_ujohtlc8nq_1772706331782
1772706331.8286755,2,326,404,32,/no_such_m1zi40v29y_1772706331795
1772706331.8401327,1,330,404,27,/no_such_hkgh4goc1f_1772706331812
1772706331.843134,0,326,404,30,/no_such_lu1mu5szus_1772706331812
1772706332.0286489,2,327,404,199,/no_such_22reatodnh_1772706331828
1772706332.049224,1,331,404,209,/no_such_i44w3farbg_1772706331840
1772706332.0642478,0,327,404,221,/no_such_r0jzj6bpjs_1772706331843
1772706332.0871813,2,328,404,58,/no_such_unr7pvssc6_1772706332028
1772706332.090385,1,332,404,41,/no_such_emd1il0908_1772706332049
1772706332.099125,0,328,404,34,/no_such_6mgnot746c_1772706332064
1772706332.126938,2,329,404,39,/no_such_z6hv3tfn78_1772706332087
1772706332.1271763,1,333,404,36,/no_such_8f6nmlmkkp_1772706332090
1772706332.1502068,0,329,404,51,/no_such_ktn62ng4hg_1772706332099
1772706332.1577733,1,334,404,30,/no_such_vmff4l090q_1772706332127
1772706332.1669526,2,330,404,39,/no_such_kbw3nsks0m_1772706332126
1772706332.2134922,0,330,404,63,/no_such_lg8i7lpk83_1772706332150
1772706332.2164361,1,335,404,58,/no_such_7eyagufkbk_1772706332157
1772706332.2362945,2,331,404,69,/no_such_7mhluule6s_1772706332166
1772706332.2435548,0,331,404,30,/no_such_gy62iad980_1772706332213
1772706332.2529583,1,336,404,36,/no_such_owi3g0ax6w_1772706332216
1772706332.268157,2,332,404,31,/no_such_ph0fjlyr5t_1772706332236
1772706332.268358,0,332,404,24,/no_such_0kn7q6vwfv_1772706332243
1772706332.2838702,1,337,404,30,/no_such_yyraiqap8s_1772706332252
1772706332.2958012,0,333,404,27,/no_such_4it7zbwxcm_1772706332268
1772706332.3008301,2,333,404,32,/no_such_uurrlum2n2_1772706332268
1772706332.3094482,1,338,404,25,/no_such_nput6lbw0a_1772706332283
1772706332.3227372,0,334,404,26,/no_such_m2a60o3te2_1772706332295
1772706332.3318067,2,334,404,30,/no_such_twkdf6ijzm_1772706332300
1772706332.342719,1,339,404,33,/no_such_9xrtyv3xm7_1772706332309
1772706332.3487039,0,335,404,25,/no_such_kbd1suqn40_1772706332322
1772706332.3561387,2,335,404,24,/no_such_h9yqlf3ru8_1772706332331
1772706332.3741832,0,336,404,25,/no_such_tlvwy8hqzx_1772706332348
1772706332.374461,1,340,404,31,/no_such_8fawz9f5jz_1772706332342
1772706332.3857565,2,336,404,29,/no_such_ukbd2n7vg3_1772706332356
1772706332.396928,0,337,404,22,/no_such_2otxhpzwmg_1772706332374
1772706332.405396,1,341,404,30,/no_such_y4n32465rb_1772706332374
1772706332.4108481,2,337,404,25,/no_such_a66yt0abwi_1772706332385
1772706332.4222147,0,338,404,25,/no_such_24r9qj0ft4_1772706332396
1772706332.4318633,1,342,404,26,/no_such_smhtawa7t5_1772706332405
1772706332.4410703,2,338,404,30,/no_such_djsl91kskm_1772706332410
1772706332.449919,0,339,404,27,/no_such_6atctsb2wm_1772706332422
1772706332.4611287,1,343,404,29,/no_such_pr2xlpl8bx_1772706332431
1772706332.4811168,2,339,404,40,/no_such_xxqq7z6upl_1772706332441
1772706332.4821455,0,340,404,32,/no_such_h3xf5w3u3y_1772706332449
1772706332.4969819,1,344,404,35,/no_such_50099ztrmf_1772706332461
1772706332.5075479,0,341,404,25,/no_such_0v7fqch1p0_1772706332482
1772706332.5133345,2,340,404,32,/no_such_xwqxx3b2je_1772706332481
1772706332.5234482,1,345,404,26,/no_such_adk682kkh2_1772706332497
1772706332.5330248,0,342,404,25,/no_such_sg0oufdzp1_1772706332507
1772706332.5436873,2,341,404,30,/no_such_70bj334ahp_1772706332513
1772706332.5484686,1,346,404,24,/no_such_t27891uiov_1772706332523
1772706332.5597026,0,343,404,26,/no_such_9btvge3b7n_1772706332533
1772706332.5762215,2,342,404,32,/no_such_z8pv6sv8gb_1772706332543
1772706332.5764127,1,347,404,27,/no_such_0fa5v6ya5j_1772706332548
1772706332.5824335,0,344,404,22,/no_such_xv35jys6ab_1772706332559
1772706332.5980175,1,348,404,21,/no_such_rhb50wayma_1772706332576
1772706332.6028562,2,343,404,26,/no_such_pbswe9c90l_1772706332576
1772706332.612064,0,345,404,29,/no_such_uz0dgwt0k8_1772706332582
1772706332.6226249,1,349,404,24,/no_such_gtp7o9zoy3_1772706332598
1772706332.627133,2,344,404,24,/no_such_w767djrrlm_1772706332602
1772706332.640189,0,346,404,28,/no_such_ehuvv5f8f6_1772706332612
1772706332.6471043,1,350,404,24,/no_such_2yir7yqbo6_1772706332622
1772706332.659959,2,345,404,32,/no_such_4zvin54qp8_1772706332627
1772706332.6646552,0,347,404,24,/no_such_v9v72v3ipp_1772706332640
1772706332.6799452,1,351,404,32,/no_such_79y1h2hk7o_1772706332647
1772706332.6845868,2,346,404,24,/no_such_taf7ebsler_1772706332659
1772706332.6940832,0,348,404,29,/no_such_xk2vqaq7cn_1772706332664
1772706332.704561,1,352,404,24,/no_such_s3rq87lysr_1772706332679
1772706332.7138364,2,347,404,29,/no_such_7xpuqf7adb_1772706332684
1772706332.7196596,0,349,404,25,/no_such_slsqk86ybt_1772706332694
1772706332.7297876,1,353,404,25,/no_such_ge7ywmc6or_1772706332704
1772706332.741008,2,348,404,27,/no_such_22gk5ar1no_1772706332713
1772706332.7499,0,350,404,30,/no_such_21uaygvhhg_1772706332719
1772706332.760716,1,354,404,30,/no_such_5v3p30u8yo_1772706332729
1772706332.768721,2,349,404,27,/no_such_xvor8wptdb_1772706332741
1772706332.7804806,0,351,404,30,/no_such_he9uhfbjzv_1772706332749
1772706332.7926388,1,355,404,31,/no_such_qokwniqcys_1772706332760
1772706332.805291,2,350,404,36,/no_such_ordk90jseq_1772706332768
1772706332.8089962,0,352,404,28,/no_such_v90na14uv8_1772706332780
1772706332.8186333,1,356,404,25,/no_such_dkxqwyab1f_1772706332792
1772706332.828003,2,351,404,22,/no_such_sibf57vdw4_1772706332805
1772706332.8390346,0,353,404,29,/no_such_qa63yk6hji_1772706332809
1772706332.8466842,1,357,404,28,/no_such_20zpydwkyb_1772706332818
1772706332.8554275,2,352,404,27,/no_such_sfp7lbf9sc_1772706332828
1772706332.8656564,0,354,404,26,/no_such_g619xbzg3o_1772706332839
1772706332.8718011,1,358,404,25,/no_such_wglv55mbzg_1772706332846
1772706332.88573,2,353,404,30,/no_such_lirmwulfft_1772706332855
1772706332.8898828,0,355,404,24,/no_such_7nzvvflss9_1772706332865
1772706332.8993962,1,359,404,27,/no_such_p65axjirn1_1772706332871
1772706332.912193,2,354,404,26,/no_such_p8tib03tv3_1772706332885
1772706332.9204748,0,356,404,30,/no_such_y32ijfwxo6_1772706332889
1772706332.9300313,1,360,404,30,/no_such_g2iacmshl2_1772706332899
1772706332.9413507,2,355,404,29,/no_such_dcqui93djp_1772706332912
1772706332.946023,0,357,404,25,/no_such_hzvj11al3f_1772706332920
1772706332.9573345,1,361,404,27,/no_such_o9spy447hc_1772706332930
1772706332.9659429,2,356,404,24,/no_such_gre211tlj3_1772706332941
1772706332.9753494,0,358,404,29,/no_such_dm9zbcgea6_1772706332946
1772706332.9844563,1,362,404,27,/no_such_1w82uplo2k_1772706332957
1772706332.9880805,2,357,404,22,/no_such_7h8j8t7qko_1772706332965
1772706333.012053,0,359,404,36,/no_such_opz2ab80a1_1772706332975
1772706333.0146265,1,363,404,30,/no_such_4ymb7oclfa_1772706332984
1772706333.025201,2,358,404,37,/no_such_j003ux72v7_1772706332988
1772706333.0345206,0,360,404,22,/no_such_6yy2g8k1hg_1772706333012
1772706333.0437484,1,364,404,29,/no_such_02752myz1o_1772706333014
1772706333.0521467,2,359,404,26,/no_such_ooqkhoet2p_1772706333025
1772706333.060843,0,361,404,26,/no_such_cv4s85hpto_1772706333034
1772706333.0729558,1,365,404,29,/no_such_gpwt0let8f_1772706333043
1772706333.0761597,2,360,404,23,/no_such_vmqno9si5m_1772706333052
1772706333.1048572,0,362,404,43,/no_such_wgdk5imav9_1772706333060
1772706333.1123734,1,366,404,39,/no_such_ft09byfkse_1772706333072
1772706333.1237924,2,361,404,47,/no_such_sisuv3npst_1772706333076
1772706333.1334407,0,363,404,28,/no_such_h38e5l9oel_1772706333104
1772706333.137546,1,367,404,25,/no_such_zunxd2zblt_1772706333112
1772706333.1692946,2,362,404,45,/no_such_ft34tj2brn_1772706333123
1772706333.1728106,0,364,404,39,/no_such_2vbem9m20c_1772706333133
1772706333.1897488,1,368,404,52,/no_such_qfyygqlive_1772706333137
1772706333.1951022,2,363,404,25,/no_such_t43638hapl_1772706333169
1772706333.2056425,0,365,404,32,/no_such_lgnfh9apl5_1772706333172
1772706333.2133176,1,369,404,23,/no_such_4gux2tr45j_1772706333189
1772706333.2244656,2,364,404,29,/no_such_5fxsmj834y_1772706333195
1772706333.231693,0,366,404,26,/no_such_09uh34eree_1772706333205
1772706333.2412906,1,370,404,27,/no_such_l08vfhs20s_1772706333213
1772706333.2501087,2,365,404,25,/no_such_77nq9xkj0p_1772706333224
1772706333.2607465,0,367,404,29,/no_such_o05cyf5mic_1772706333231
1772706333.2655954,1,371,404,24,/no_such_o5pdm1stgw_1772706333241
1772706333.2770135,2,366,404,26,/no_such_awynfkpizs_1772706333250
1772706333.293943,0,368,404,33,/no_such_0o9ijo8anv_1772706333260
1772706333.295736,1,372,404,30,/no_such_j28j6n75qs_1772706333265
1772706333.3046193,2,367,404,27,/no_such_gpwzjrv31j_1772706333277
1772706333.3189464,0,369,404,24,/no_such_hvzy1k8c0w_1772706333293
1772706333.3279047,1,373,404,32,/no_such_tluei2unrz_1772706333295
1772706333.33439,2,368,404,29,/no_such_7xzzmuyg1w_1772706333304
1772706333.3433945,0,370,404,24,/no_such_11k77jswud_1772706333318
1772706333.3542404,1,374,404,26,/no_such_w8s2nzk9ep_1772706333327
1772706333.361585,2,369,404,27,/no_such_e6y4q51jma_1772706333334
1772706333.3732607,0,371,404,29,/no_such_ykiwzk4ppq_1772706333343
1772706333.3778784,1,375,404,23,/no_such_80958vpwry_1772706333354
1772706333.3989072,0,372,404,25,/no_such_hrijhz56q6_1772706333373
1772706333.3991787,2,370,404,37,/no_such_ncnmxjnj7s_1772706333361
1772706333.4031816,1,376,404,25,/no_such_6loje2ir6h_1772706333377
1772706333.419202,2,371,404,20,/no_such_yqffu9x1ai_1772706333399
1772706333.4245074,0,373,404,25,/no_such_uxbbf4t5tu_1772706333398
1772706333.4331164,1,377,404,29,/no_such_otjgfihfp3_1772706333403
1772706333.4514854,2,372,404,32,/no_such_8nc7fdkxoy_1772706333419
1772706333.4629521,0,374,404,38,/no_such_48w5ebqvxh_1772706333424
1772706333.4677095,1,378,404,34,/no_such_8baddi8vnb_1772706333433
1772706333.4816825,2,373,404,30,/no_such_fwne6amm60_1772706333451
1772706333.5018237,0,375,404,38,/no_such_mx0kc5zdij_1772706333462
1772706333.5021627,1,379,404,34,/no_such_qe3fsyz45b_1772706333467
1772706333.512936,2,374,404,31,/no_such_k22tj434jh_1772706333481
1772706333.5228095,1,380,404,20,/no_such_6kxakpxkjk_1772706333502
1772706333.5303962,0,376,404,28,/no_such_u3gt6kvqea_1772706333501
1772706333.5475757,2,375,404,34,/no_such_oprdsma0et_1772706333512
1772706333.5478652,1,381,404,25,/no_such_a0al5fzv55_1772706333522
1772706333.5535717,0,377,404,23,/no_such_mlovj1pben_1772706333530
1772706333.5674725,2,376,404,19,/no_such_abkqf4jzko_1772706333547
1772706333.5811408,1,382,404,33,/no_such_xlmzeidlyx_1772706333547
1772706333.581568,0,378,404,27,/no_such_bvzfrgwyun_1772706333553
1772706333.6008708,2,377,404,33,/no_such_46x190b2e0_1772706333567
1772706333.6102583,0,379,404,28,/no_such_61slo1mxoa_1772706333581
1772706333.6235566,1,383,404,42,/no_such_vy9jhdfedt_1772706333581
1772706333.6259613,2,378,404,25,/no_such_1ljrnht5q3_1772706333600
1772706333.6374233,0,380,404,27,/no_such_r5zui4txar_1772706333610
1772706333.646527,1,384,404,22,/no_such_l961kv9quu_1772706333623
1772706333.654412,2,379,404,28,/no_such_ei10v92rp3_1772706333625
1772706333.6661983,0,381,404,28,/no_such_k35pxvt7nj_1772706333637
1772706333.672708,1,385,404,26,/no_such_6nika1c80o_1772706333646
1772706333.683306,2,380,404,28,/no_such_ve2gvffbuu_1772706333654
1772706333.6904652,0,382,404,24,/no_such_4go947ngng_1772706333666
1772706333.7022529,1,386,404,29,/no_such_7juvoxbrti_1772706333672
1772706333.7053788,2,381,404,22,/no_such_jpxjfs1s5t_1772706333683
1772706333.7195015,0,383,404,29,/no_such_nnhzdygzg9_1772706333690
1772706333.7260463,1,387,404,23,/no_such_dyod53dhgl_1772706333702
1772706333.737584,2,382,404,32,/no_such_7hhl2tk95m_1772706333705
1772706333.7481174,0,384,404,28,/no_such_kh735aejkk_1772706333719
1772706333.7535768,1,388,404,27,/no_such_2eqgxu1vaa_1772706333726
1772706333.7645981,2,383,404,26,/no_such_7k3myaaunp_1772706333737
1772706333.774312,0,385,404,26,/no_such_brpwsfthxp_1772706333748
1772706333.781968,1,389,404,28,/no_such_8oi2hatw8v_1772706333753
1772706333.7906275,2,384,404,26,/no_such_gev0z1q1v2_1772706333764
1772706333.8051312,0,386,404,30,/no_such_z95ke6ne7q_1772706333774
1772706333.8054512,1,390,404,23,/no_such_qpikcn2mp1_1772706333781
1772706333.8201766,2,385,404,29,/no_such_gbj3woppsj_1772706333790
1772706333.829707,0,387,404,24,/no_such_vid7znn6m2_1772706333805
1772706333.8424246,1,391,404,36,/no_such_cli4nhy0lu_1772706333805
1772706333.8448267,2,386,404,24,/no_such_mf643kegvy_1772706333820
1772706333.8553996,0,388,404,25,/no_such_iynnwjf4v6_1772706333829
1772706333.86676,1,392,404,24,/no_such_o2nwucxpw6_1772706333842
1772706333.8728445,2,387,404,27,/no_such_3njfp32xax_1772706333844
1772706333.882425,0,389,404,27,/no_such_m1ld5yfelu_1772706333855
1772706333.8901806,1,393,404,23,/no_such_6lmx7lo8an_1772706333866
1772706333.8983874,2,388,404,25,/no_such_rp6mjeoc5s_1772706333872
1772706333.9118772,0,390,404,29,/no_such_rtbc2kjp64_1772706333882
1772706333.9206715,1,394,404,30,/no_such_lwy8ezdct0_1772706333890
1772706333.9322062,2,389,404,33,/no_such_o9jypazefm_1772706333898
1772706333.9369533,0,391,404,25,/no_such_s30xyct29q_1772706333911
1772706333.9482708,1,395,404,27,/no_such_7tp2yqwzp0_1772706333920
1772706333.956995,2,390,404,24,/no_such_3vdqko0t1z_1772706333932
1772706333.967171,0,392,404,30,/no_such_1gytehr8os_1772706333936
1772706333.9748435,1,396,404,26,/no_such_2ilappga35_1772706333948
1772706333.9857373,2,391,404,28,/no_such_uekifv1iw7_1772706333957
1772706333.9930925,0,393,404,25,/no_such_9mqi9he162_1772706333967
1772706334.011344,2,392,404,25,/no_such_7olxhdgq8s_1772706333985
1772706334.0117385,1,397,404,36,/no_such_dzxshkngix_1772706333974
1772706334.0234356,0,394,404,30,/no_such_mbwnc2t5yz_1772706333993
1772706334.034415,2,393,404,23,/no_such_7n7s9b6583_1772706334011
1772706334.0392933,1,398,404,27,/no_such_bk6y9hktv9_1772706334011
1772706334.0481217,0,395,404,24,/no_such_f30nxbeix9_1772706334023
1772706334.0597732,2,394,404,25,/no_such_n13y7hvssb_1772706334034
1772706334.0679297,1,399,404,28,/no_such_v6azw9y5sx_1772706334039
1772706334.0773988,0,396,404,29,/no_such_00gx6tt8ew_1772706334048
1772706334.088827,2,395,404,29,/no_such_424vk180yh_1772706334059
1772706334.0946836,1,400,404,26,/no_such_u3gqxdkhef_1772706334067
1772706334.1100008,0,397,404,32,/no_such_6pzq073tyt_1772706334077
1772706334.1119132,2,396,404,23,/no_such_n2ulg503w8_1772706334088
1772706334.1232653,1,401,404,28,/no_such_98r1hskx7q_1772706334094
1772706334.1354578,2,397,404,23,/no_such_dqaczrkyun_1772706334111
1772706334.1413496,0,398,404,31,/no_such_h1qojy8xnh_1772706334110
1772706334.1477854,1,402,404,24,/no_such_6p1z9die6j_1772706334123
1772706334.1588314,2,398,404,23,/no_such_77b0nw8wmw_1772706334135
1772706334.1694372,0,399,404,28,/no_such_0sv1n3axei_1772706334141
1772706334.1813812,1,403,404,33,/no_such_tli20sdfho_1772706334147
1772706334.189743,2,399,404,30,/no_such_4kdh7tvbg5_1772706334158
1772706334.1956682,0,400,404,26,/no_such_z1xcp1ciqr_1772706334169
1772706334.2060866,1,404,404,24,/no_such_ja5p5cjr8s_1772706334181
1772706334.2197492,2,400,404,29,/no_such_i2p9ruj4ht_1772706334189
1772706334.2223113,0,401,404,26,/no_such_rhvt9jxiw5_1772706334195
1772706334.235805,1,405,404,29,/no_such_i3fb9opq0f_1772706334206
1772706334.2423444,2,401,404,22,/no_such_pgi2xe60xq_1772706334219
1772706334.251966,0,402,404,29,/no_such_j2ta5dyq0s_1772706334222
1772706334.2620816,1,406,404,26,/no_such_cs8t2ftyyq_1772706334235
1772706334.2694857,2,402,404,27,/no_such_gbc9jfapf8_1772706334242
1772706334.280598,0,403,404,28,/no_such_e2h2obbvag_1772706334251
1772706334.2852478,1,407,404,23,/no_such_ikntjj4gdx_1772706334262
1772706334.297927,2,403,404,28,/no_such_gtg0lihiv9_1772706334269
1772706334.3037667,0,404,404,23,/no_such_kp158jlz3b_1772706334280
1772706334.3194666,1,408,404,34,/no_such_hbop0evci0_1772706334285
1772706334.3199172,2,404,404,21,/no_such_bfqpzm3ztj_1772706334297
1772706334.3330507,0,405,404,29,/no_such_59z7ugj0jo_1772706334303
1772706334.3423746,1,409,404,22,/no_such_g5ksawq4mi_1772706334319
1772706334.3519354,2,405,404,32,/no_such_2su3bow84k_1772706334319
1772706334.359079,0,406,404,26,/no_such_lin9bzq5r0_1772706334333
1772706334.367573,1,410,404,25,/no_such_4jyhbb4tkv_1772706334342
1772706334.378807,2,406,404,26,/no_such_7elvz9taom_1772706334351
1772706334.384165,0,407,404,25,/no_such_4hul8804qe_1772706334359
1772706334.400329,1,411,404,32,/no_such_g8wp8qdx2w_1772706334367
1772706334.402036,2,407,404,23,/no_such_dp0p1okqzw_1772706334378
1772706334.421503,0,408,404,37,/no_such_hb1cafrhqg_1772706334384
1772706334.430507,1,412,404,30,/no_such_6rp5rux7z4_1772706334400
1772706334.441213,2,408,404,39,/no_such_kpxmkb6ing_1772706334402
1772706334.448101,0,409,404,26,/no_such_8e2snwm3ls_1772706334421
1772706334.4573922,1,413,404,26,/no_such_bs2aie3rjz_1772706334430
1772706334.4696608,2,409,404,28,/no_such_xp6q0vsjff_1772706334441
1772706334.4720063,0,410,404,23,/no_such_8vq32t6gsj_1772706334448
1772706334.483665,1,414,404,26,/no_such_75afgmu5hc_1772706334457
1772706334.4930003,2,410,404,23,/no_such_ryoqw9exgj_1772706334469
1772706334.5011134,0,411,404,29,/no_such_zoad4yolp9_1772706334472
1772706334.510784,1,415,404,26,/no_such_6tki44o9wt_1772706334483
1772706334.5207934,2,411,404,27,/no_such_eh5qnp7js0_1772706334493
1772706334.5357115,0,412,404,34,/no_such_h592eibcxu_1772706334501
1772706334.5458536,1,416,404,35,/no_such_yp90vea318_1772706334510
1772706334.552467,2,412,404,31,/no_such_2y27so2486_1772706334520
1772706334.56175,0,413,404,26,/no_such_f945zpw9qf_1772706334535
1772706334.570699,1,417,404,24,/no_such_u0r1yda6s5_1772706334545
1772706334.5795932,2,413,404,27,/no_such_xez7fuhoa0_1772706334552
1772706334.5888991,0,414,404,27,/no_such_ed9vrj4q82_1772706334561
1772706334.6031702,1,418,404,32,/no_such_3l0n8umgxp_1772706334570
1772706334.6041284,2,414,404,24,/no_such_pfxyot8a85_1772706334579
1772706334.6224916,0,415,404,33,/no_such_siplw4yqas_1772706334588
1772706334.631469,1,419,404,28,/no_such_55znhvgso2_1772706334603
1772706334.645369,2,415,404,41,/no_such_5x70k432t5_1772706334604
1772706334.6518593,0,416,404,29,/no_such_1t8urrj86r_1772706334622
1772706334.656443,1,420,404,24,/no_such_lgm3w2pmfv_1772706334631
1772706334.6710021,2,416,404,25,/no_such_uhkt60zsqo_1772706334645
1772706334.6772027,0,417,404,25,/no_such_owitwf5vgc_1772706334651
1772706334.6887593,1,421,404,32,/no_such_npij3fv63i_1772706334656
1772706334.6932833,2,417,404,22,/no_such_xanifvwcjy_1772706334671
1772706334.705325,0,418,404,28,/no_such_qiijo3lp9u_1772706334677
1772706334.715869,1,422,404,27,/no_such_qul0yr4wsj_1772706334688
1772706334.7281961,2,418,404,34,/no_such_8ej3z71beo_1772706334693
1772706334.729238,0,419,404,23,/no_such_iteuyo3xym_1772706334705
1772706334.7515082,1,423,404,35,/no_such_ye17qeumof_1772706334715
1772706334.7611582,2,419,404,32,/no_such_n6jrxjplpu_1772706334728
1772706334.7720401,0,420,404,42,/no_such_epi97i4ock_1772706334729
1772706334.774683,1,424,404,23,/no_such_9s89ufmttk_1772706334751
1772706334.7862546,2,420,404,25,/no_such_tovv2fzgj1_1772706334761
1772706334.7951777,0,421,404,23,/no_such_zmtyx3iuyf_1772706334772
1772706334.8066049,1,425,404,31,/no_such_r0laei0ut9_1772706334774
1772706334.8112617,2,421,404,24,/no_such_h0g2dovrxz_1772706334786
1772706334.830643,1,426,404,24,/no_such_dfpvw14c2m_1772706334806
1772706334.8308475,0,422,404,35,/no_such_kpx1hane7h_1772706334795
1772706334.8384447,2,422,404,27,/no_such_tnvdhcgpms_1772706334811
1772706334.8507745,1,427,404,20,/no_such_u9zpizt3lv_1772706334830
1772706334.858123,0,423,404,27,/no_such_xzwuf1l3lq_1772706334830
1772706334.867397,2,423,404,28,/no_such_cx3zovi82m_1772706334838
1772706334.8763227,1,428,404,25,/no_such_33if5mu9wx_1772706334850
1772706334.885325,0,424,404,27,/no_such_wef2njdz4z_1772706334858
1772706334.8976374,2,424,404,30,/no_such_3bxbl393b4_1772706334867
1772706334.901649,1,429,404,25,/no_such_japuwcd9l4_1772706334876
1772706334.9159234,0,425,404,30,/no_such_idyvts9vco_1772706334885
1772706334.9282932,2,425,404,30,/no_such_20qfw5extg_1772706334897
1772706334.9360673,1,430,404,34,/no_such_csqq4oayln_1772706334901
1772706334.9473786,0,426,404,31,/no_such_e4pnwidxmk_1772706334915
1772706334.9540224,2,426,404,25,/no_such_s809bcqdia_1772706334928
1772706334.9620647,1,431,404,25,/no_such_681xz2yyn2_1772706334936
1772706334.97153,0,427,404,24,/no_such_s5f3ls0ww3_1772706334947
1772706334.980491,2,427,404,26,/no_such_wcj9dnmdpq_1772706334954
1772706334.9900718,1,432,404,27,/no_such_sbja1m6172_1772706334962
1772706334.999423,0,428,404,27,/no_such_pu316ivjdz_1772706334971
1772706335.0107477,2,428,404,30,/no_such_5jbmruj71z_1772706334980
1772706335.0161195,1,433,404,26,/no_such_hyjr73kcmg_1772706334990
1772706335.0356517,0,429,404,36,/no_such_n24cxc52j6_1772706334999
1772706335.0359066,2,429,404,25,/no_such_43ofb68x47_1772706335010
1772706335.0412076,1,434,404,25,/no_such_t9ovm6tyev_1772706335016
1772706335.0613773,2,430,404,25,/no_such_jow33yjhxh_1772706335035
1772706335.06161,0,430,404,25,/no_such_zab7952asw_1772706335035
1772706335.06967,1,435,404,28,/no_such_505dx8tcm9_1772706335041
1772706335.08298,2,431,404,21,/no_such_f3bx8aygxd_1772706335061
1772706335.086741,0,431,404,25,/no_such_0ilvjn9st7_1772706335061
1772706335.095013,1,436,404,25,/no_such_hvjkaonk83_1772706335069
1772706335.1057441,2,432,404,22,/no_such_n478u12s5v_1772706335082
1772706335.1142745,0,432,404,27,/no_such_me57vs066b_1772706335086
1772706335.1244934,1,437,404,29,/no_such_dfbfdw3p4i_1772706335095
1772706335.1425228,2,433,404,36,/no_such_zmu5mpijgy_1772706335105
1772706335.1505995,0,433,404,36,/no_such_tx82m6giay_1772706335114
1772706335.161354,1,438,404,36,/no_such_ylpbx49ixw_1772706335124
1772706335.1700382,2,434,404,27,/no_such_1l5kfuu46s_1772706335142
1772706335.2370508,0,434,404,86,/no_such_n5sl5dcmpr_1772706335150
1772706335.237244,1,439,404,75,/no_such_f2t1g5xu9g_1772706335161
1772706335.2510266,2,435,404,80,/no_such_3js9gnz151_1772706335170
1772706335.2600863,0,435,404,23,/no_such_z30z9auj0f_1772706335237
1772706335.2672048,1,440,404,29,/no_such_cdzemq3wnm_1772706335237
1772706335.278021,2,436,404,26,/no_such_y9ca1rh43o_1772706335251
1772706335.288929,0,436,404,28,/no_such_rubt61qgmf_1772706335260
1772706335.294823,1,441,404,27,/no_such_izlke2gz29_1772706335267
1772706335.3037975,2,437,404,25,/no_such_9bj0a1g090_1772706335278
1772706335.31345,0,437,404,24,/no_such_pyl7mwvzs6_1772706335288
1772706335.324509,1,442,404,29,/no_such_rtzjt7spio_1772706335294
1772706335.3408349,2,438,404,37,/no_such_tqck82hgyw_1772706335303
1772706335.3410878,0,438,404,27,/no_such_hwxyp2mlly_1772706335313
1772706335.3548863,1,443,404,30,/no_such_hrtfyk4rrc_1772706335324
1772706335.3641727,0,439,404,23,/no_such_wvshdnk77i_1772706335341
1772706335.3752713,2,439,404,34,/no_such_t6wpi5o7ir_1772706335340
1772706335.3807948,1,444,404,25,/no_such_sjhvwughuz_1772706335354
1772706335.395943,0,440,404,31,/no_such_aha7kmenju_1772706335364
1772706335.4075065,2,440,404,32,/no_such_w21wpc98ko_1772706335375
1772706335.4252253,1,445,404,44,/no_such_g7dn589f1v_1772706335380
1772706335.425416,0,441,404,29,/no_such_yxuwln1lnr_1772706335395
1772706335.4486756,2,441,404,41,/no_such_898yi77oci_1772706335407
1772706335.4573834,1,446,404,32,/no_such_34xnothgxz_1772706335425
1772706335.47008,0,442,404,44,/no_such_69ufyf7b41_1772706335425
1772706335.4746745,2,442,404,25,/no_such_0g589up2yi_1772706335448
1772706335.4875412,1,447,404,30,/no_such_3tv9aen5ji_1772706335457
1772706335.4927328,0,443,404,22,/no_such_1y251bl1l3_1772706335470
1772706335.5058153,2,443,404,31,/no_such_fjis3a10af_1772706335474
1772706335.511129,1,448,404,23,/no_such_oq11u1h935_1772706335487
1772706335.524351,0,444,404,31,/no_such_iqtlm901z0_1772706335492
1772706335.5272822,2,444,404,21,/no_such_nrcxbkwc13_1772706335505
1772706335.545536,1,449,404,34,/no_such_m5p7bt4u8k_1772706335511
1772706335.5473547,0,445,404,22,/no_such_ukjxbzaa7l_1772706335524
1772706335.5583868,2,445,404,31,/no_such_c5gkf3siu0_1772706335527
1772706335.570134,1,450,404,24,/no_such_dn9mly1gbt_1772706335545
1772706335.57462,0,446,404,27,/no_such_b9rsceual2_1772706335547
1772706335.585004,2,446,404,26,/no_such_ois31kax3t_1772706335558
1772706335.6028304,1,451,404,32,/no_such_ut6k3ai7rf_1772706335570
1772706335.6071901,0,447,404,32,/no_such_wuecaynqli_1772706335574
1772706335.6187158,2,447,404,33,/no_such_7thhagmr3k_1772706335585
1772706335.630089,1,452,404,27,/no_such_4xxxdirc4e_1772706335602
1772706335.6356232,0,448,404,28,/no_such_ru1632qy0u_1772706335607
1772706335.6467457,2,448,404,28,/no_such_3z3wbtrsaz_1772706335618
1772706335.6609173,1,453,404,30,/no_such_r1vas3khpg_1772706335630
1772706335.671382,0,449,404,35,/no_such_e0vgczsrxk_1772706335635
1772706335.682367,2,449,404,35,/no_such_0vmgc6x02k_1772706335646
1772706335.688813,1,454,404,27,/no_such_opygji0l0f_1772706335660
1772706335.6946409,0,450,404,23,/no_such_jz0fhhqz7h_1772706335671
1772706335.721294,2,450,404,38,/no_such_nz4kyurbmh_1772706335682
1772706335.7314959,1,455,404,42,/no_such_k4y50v1pgd_1772706335688
1772706335.7371354,0,451,404,42,/no_such_bl3krcqqxh_1772706335694
1772706335.7499816,2,451,404,28,/no_such_q0nia3cw0f_1772706335721
1772706335.778452,1,456,404,46,/no_such_4oxvyi4ag5_1772706335731
1772706335.7867854,0,452,404,49,/no_such_jq083x5oyw_1772706335737
1772706335.7962945,2,452,404,46,/no_such_7yospoqb5e_1772706335750
1772706335.803048,1,457,404,24,/no_such_7k5apbiwvz_1772706335778
1772706335.8128662,0,453,404,26,/no_such_rpdwozagfn_1772706335786
1772706335.8183591,2,453,404,22,/no_such_j76dz3bw02_1772706335796
1772706335.831478,1,458,404,28,/no_such_tkbqy9pcj9_1772706335803
1772706335.836932,0,454,404,24,/no_such_l37ht8va6p_1772706335812
1772706335.8551977,2,454,404,36,/no_such_yb86ks585c_1772706335818
1772706335.8596015,1,459,404,28,/no_such_ku87zfknjf_1772706335831
1772706335.8674068,0,455,404,30,/no_such_p31lb1whff_1772706335836
1772706335.8825254,2,455,404,27,/no_such_uttice0ddc_1772706335855
1772706335.8910794,1,460,404,31,/no_such_d4ot6ez5a6_1772706335859
1772706335.900132,0,456,404,32,/no_such_okhz2183o4_1772706335867
1772706335.9097116,2,456,404,27,/no_such_n7660x9c6h_1772706335882
1772706335.9195232,1,461,404,28,/no_such_2rsov5ixdr_1772706335891
1772706335.928139,0,457,404,27,/no_such_izyhwterag_1772706335900
1772706335.9348655,2,457,404,25,/no_such_tuuu5mm6nu_1772706335909
1772706335.9458528,1,462,404,26,/no_such_4h9zqqry9n_1772706335919
1772706335.9458551,1,462,DONE,0,
1772706335.963581,0,458,404,35,/no_such_e31849r5ld_1772706335928
1772706335.9635859,0,458,DONE,0,
1772706335.9711585,2,458,404,36,/no_such_frtt5q3ryh_1772706335934
1772706335.9711597,2,458,DONE,0,
